-- MySQL dump 10.13  Distrib 8.0.25, for Win64 (x86_64)
--
-- Host: localhost    Database: product_management
-- ------------------------------------------------------
-- Server version	8.0.25

/*!40101 SET @OLD_CHARACTER_SET_CLIENT=@@CHARACTER_SET_CLIENT */;
/*!40101 SET @OLD_CHARACTER_SET_RESULTS=@@CHARACTER_SET_RESULTS */;
/*!40101 SET @OLD_COLLATION_CONNECTION=@@COLLATION_CONNECTION */;
/*!50503 SET NAMES utf8 */;
/*!40103 SET @OLD_TIME_ZONE=@@TIME_ZONE */;
/*!40103 SET TIME_ZONE='+00:00' */;
/*!40014 SET @OLD_UNIQUE_CHECKS=@@UNIQUE_CHECKS, UNIQUE_CHECKS=0 */;
/*!40014 SET @OLD_FOREIGN_KEY_CHECKS=@@FOREIGN_KEY_CHECKS, FOREIGN_KEY_CHECKS=0 */;
/*!40101 SET @OLD_SQL_MODE=@@SQL_MODE, SQL_MODE='NO_AUTO_VALUE_ON_ZERO' */;
/*!40111 SET @OLD_SQL_NOTES=@@SQL_NOTES, SQL_NOTES=0 */;

--
-- Table structure for table `category`
--

DROP TABLE IF EXISTS `category`;
/*!40101 SET @saved_cs_client     = @@character_set_client */;
/*!50503 SET character_set_client = utf8mb4 */;
CREATE TABLE `category` (
  `id` int NOT NULL AUTO_INCREMENT,
  `code` varchar(255) NOT NULL,
  `description` varchar(255) NOT NULL,
  `name` varchar(255) NOT NULL,
  `status` int NOT NULL,
  PRIMARY KEY (`id`)
) ENGINE=InnoDB AUTO_INCREMENT=101 DEFAULT CHARSET=utf8mb4 COLLATE=utf8mb4_0900_ai_ci;
/*!40101 SET character_set_client = @saved_cs_client */;

--
-- Dumping data for table `category`
--

LOCK TABLES `category` WRITE;
/*!40000 ALTER TABLE `category` DISABLE KEYS */;
INSERT INTO `category` VALUES (1,'ID','Haylands','Hestia',0),(2,'BR','Ruslinge','Brana',1),(3,'JP','Vlahos','Karin',0),(4,'CN','Sweetenham','Merci',0),(5,'CY','Gudgion','Rochella',0),(6,'ID','Sowersby','Roch',1),(7,'CN','Olin','Paulo',1),(8,'DE','Matheson','Jorrie',1),(9,'AR','De Mico','Lanny',0),(10,'CZ','Bragg','Philip',1);
/*!40000 ALTER TABLE `category` ENABLE KEYS */;
UNLOCK TABLES;

--
-- Table structure for table `district`
--

DROP TABLE IF EXISTS `district`;
/*!40101 SET @saved_cs_client     = @@character_set_client */;
/*!50503 SET character_set_client = utf8mb4 */;
CREATE TABLE `district` (
  `id` int NOT NULL AUTO_INCREMENT,
  `code` varchar(255) NOT NULL,
  `name` varchar(255) NOT NULL,
  PRIMARY KEY (`id`)
) ENGINE=InnoDB DEFAULT CHARSET=utf8mb4 COLLATE=utf8mb4_0900_ai_ci;
/*!40101 SET character_set_client = @saved_cs_client */;

--
-- Dumping data for table `district`
--

LOCK TABLES `district` WRITE;
/*!40000 ALTER TABLE `district` DISABLE KEYS */;
/*!40000 ALTER TABLE `district` ENABLE KEYS */;
UNLOCK TABLES;

--
-- Table structure for table `product`
--

DROP TABLE IF EXISTS `product`;
/*!40101 SET @saved_cs_client     = @@character_set_client */;
/*!50503 SET character_set_client = utf8mb4 */;
CREATE TABLE `product` (
  `id` bigint NOT NULL AUTO_INCREMENT,
  `description` varchar(255) NOT NULL,
  `name` varchar(255) NOT NULL,
  `price` int NOT NULL,
  `sku` varchar(255) NOT NULL,
  `status` int NOT NULL,
  `category_id` bigint NOT NULL,
  `code` varchar(255) DEFAULT NULL,
  `created_at` datetime DEFAULT NULL,
  `modified_at` datetime DEFAULT NULL,
  PRIMARY KEY (`id`)
) ENGINE=InnoDB AUTO_INCREMENT=10014 DEFAULT CHARSET=utf8mb4 COLLATE=utf8mb4_0900_ai_ci;
/*!40101 SET character_set_client = @saved_cs_client */;

--
-- Dumping data for table `product`
--

LOCK TABLES `product` WRITE;
/*!40000 ALTER TABLE `product` DISABLE KEYS */;
INSERT INTO `product` VALUES (1,'McArt','Soup Campbells - Italian Wedding',12957,'Elia',0,2,NULL,NULL,NULL),(2,'Morat','Haggis',95272,'Sophey',0,6,NULL,NULL,NULL),(3,'Leadbitter','Beef - Top Butt Aaa',17435,'Clarabelle',1,5,NULL,NULL,NULL),(4,'Jimmison','Lentils - Green, Dry',58500,'Dido',0,4,NULL,NULL,NULL),(5,'Sigg','Foil Cont Round',31008,'Cathi',1,10,NULL,NULL,NULL),(6,'O\'Drought','Wine - Rosso Toscano Igt',48648,'Prudence',1,6,NULL,NULL,NULL),(7,'Kinneir','Lettuce - Frisee',77049,'Alic',1,1,NULL,NULL,NULL),(8,'Collymore','Beef Tenderloin Aaa',33304,'Tillie',0,10,NULL,NULL,NULL),(9,'Poveleye','Compound - Pear',52313,'Wren',0,3,NULL,NULL,NULL),(10,'Skellern','Cheese - Roquefort Pappillon',22296,'Janina',0,8,NULL,NULL,NULL),(11,'Hizir','Flour - Bran, Red',64078,'Brynne',1,2,NULL,NULL,NULL),(12,'Buckham','Longos - Chicken Cordon Bleu',21280,'Carney',1,6,NULL,NULL,NULL),(13,'Hierro','V8 Splash Strawberry Kiwi',23873,'Teddie',1,9,NULL,NULL,NULL),(14,'Querrard','Celery',85799,'Jermaine',0,1,NULL,NULL,NULL),(15,'Portigall','Tortillas - Flour, 10',24030,'Shae',0,3,NULL,NULL,NULL),(16,'Laverack','Beer - Sleeman Fine Porter',13242,'Red',1,1,NULL,NULL,NULL),(17,'Ianiello','Vermouth - Sweet, Cinzano',63603,'Giffy',0,7,NULL,NULL,NULL),(18,'Paradin','Oranges',25228,'Bartholemy',0,4,NULL,NULL,NULL),(19,'Stanex','Passion Fruit',11150,'Suzi',0,8,NULL,NULL,NULL),(20,'Iban','Salt And Pepper Mix - Black',93389,'Fernando',1,7,NULL,NULL,NULL),(21,'Bessent','Hummus - Spread',82422,'Luella',0,9,NULL,NULL,NULL),(22,'Iorio','Muffin Batt - Carrot Spice',67001,'Georgine',0,3,NULL,NULL,NULL),(23,'Romanet','Scallop - St. Jaques',15556,'Boycie',1,4,NULL,NULL,NULL),(24,'Rominov','Sauce - Cranberry',34203,'Amelita',0,10,NULL,NULL,NULL),(25,'Mence','Chevril',33702,'Joyann',1,8,NULL,NULL,NULL),(26,'Durham','Scallops - 10/20',83435,'Liuka',0,1,NULL,NULL,NULL),(27,'Orgel','Nut - Hazelnut, Whole',35802,'Happy',1,5,NULL,NULL,NULL),(28,'Bletsor','Mince Meat - Filling',70605,'Celka',1,4,NULL,NULL,NULL),(29,'Mahaddy','Pepper - Chillies, Crushed',30080,'Crin',0,9,NULL,NULL,NULL),(30,'Edens','Water - Mineral, Natural',73639,'Hatty',1,9,NULL,NULL,NULL),(31,'Gillmore','Steampan Lid',47309,'Saloma',0,8,NULL,NULL,NULL),(32,'Mossom','Tuna - Fresh',88807,'Cirillo',0,1,NULL,NULL,NULL),(33,'Trammel','Cups 10oz Trans',48753,'Korie',0,4,NULL,NULL,NULL),(34,'Leggen','Lettuce - Mini Greens, Whole',18977,'Boone',0,4,NULL,NULL,NULL),(35,'Jurkiewicz','Table Cloth 62x114 Colour',98409,'Marnie',1,1,NULL,NULL,NULL),(36,'Bynert','Cream - 18%',11113,'Anneliese',1,6,NULL,NULL,NULL),(37,'Morrill','Wine - Sherry Dry Sack, William',97002,'Franky',0,5,NULL,NULL,NULL),(38,'Seaborn','Juice - Propel Sport',41331,'Marti',0,4,NULL,NULL,NULL),(39,'Attkins','Tuna - Fresh',47593,'Fiann',1,5,NULL,NULL,NULL),(40,'Atwill','Wine - Alicanca Vinho Verde',31359,'Blakeley',1,5,NULL,NULL,NULL),(41,'Westley','Veal - Inside, Choice',86388,'Hazlett',0,8,NULL,NULL,NULL),(42,'Ninnis','Oil - Cooking Spray',89337,'Briny',0,8,NULL,NULL,NULL),(43,'Klazenga','Chinese Lemon Pork',88880,'Torry',1,6,NULL,NULL,NULL),(44,'Kiezler','Beer - Camerons Cream Ale',22125,'Artie',1,5,NULL,NULL,NULL),(45,'Ownsworth','Chocolate - Dark Callets',64647,'Clevey',1,1,NULL,NULL,NULL),(46,'Sowden','Beans - Black Bean, Preserved',88489,'Vladimir',0,7,NULL,NULL,NULL),(47,'Batty','Currants',27472,'Haleigh',1,1,NULL,NULL,NULL),(48,'Lorkins','Cilantro / Coriander - Fresh',52713,'Kanya',0,5,NULL,NULL,NULL),(49,'Hendren','Chicken - Leg, Boneless',24149,'Tallie',0,2,NULL,NULL,NULL),(50,'Le Teve','Wine - Ice Wine',28054,'Rosa',1,3,NULL,NULL,NULL),(51,'Eccleshall','Mushroom - Lg - Cello',62063,'Adelind',0,10,NULL,NULL,NULL),(52,'Vedeneev','Slt - Individual Portions',36684,'Amos',0,2,NULL,NULL,NULL),(53,'Havik','Skirt - 29 Foot',55551,'Roseanna',1,8,NULL,NULL,NULL),(54,'Espinheira','Orange - Canned, Mandarin',73846,'Helenka',1,1,NULL,NULL,NULL),(55,'Sizey','Wine - Soave Folonari',16713,'Lammond',0,2,NULL,NULL,NULL),(56,'Lude','Turkey - Oven Roast Breast',75070,'Daisie',0,9,NULL,NULL,NULL),(57,'Wilde','Shrimp - 16 - 20 Cooked, Peeled',98129,'Hi',1,6,NULL,NULL,NULL),(58,'Shilston','Fiddlehead - Frozen',59110,'Britni',0,7,NULL,NULL,NULL),(59,'Bloodworth','Passion Fruit',99850,'Ceciley',1,9,NULL,NULL,NULL),(60,'Abry','Beef - Striploin Aa',83706,'Tymothy',0,3,NULL,NULL,NULL),(61,'Francisco','Flower - Commercial Spider',76699,'Carolynn',1,10,NULL,NULL,NULL),(62,'Cristobal','Lobak',25598,'Kiley',0,5,NULL,NULL,NULL),(63,'Honywill','Cheese - St. Andre',55407,'Tristam',0,2,NULL,NULL,NULL),(64,'Davinet','Cardamon Seed / Pod',12268,'Forest',1,1,NULL,NULL,NULL),(65,'Mitrovic','Cheese - Manchego, Spanish',75164,'Gweneth',0,7,NULL,NULL,NULL),(66,'Dalzell','Sauce - Soy Low Sodium - 3.87l',60361,'Suzie',0,9,NULL,NULL,NULL),(67,'Bordiss','Tea - Herbal Sweet Dreams',46125,'Colet',1,10,NULL,NULL,NULL),(68,'Knibley','Lobster - Baby, Boiled',88633,'Jonie',1,7,NULL,NULL,NULL),(69,'Gyde','Wine - Tio Pepe Sherry Fino',94175,'Piotr',1,8,NULL,NULL,NULL),(70,'Chesley','Pasta - Penne, Rigate, Dry',88752,'Ardisj',1,9,NULL,NULL,NULL),(71,'Nestor','Pastry - Lemon Danish - Mini',61934,'Dorian',1,9,NULL,NULL,NULL),(72,'Ugolini','Walkers Special Old Whiskey',57598,'Niko',1,3,NULL,NULL,NULL),(73,'Thormwell','Lamb - Shoulder, Boneless',28005,'Eugenio',1,1,NULL,NULL,NULL),(74,'Gaule','Vodka - Smirnoff',37615,'Enrichetta',0,6,NULL,NULL,NULL),(75,'Carnihan','Island Oasis - Peach Daiquiri',89130,'Ianthe',1,8,NULL,NULL,NULL),(76,'Fri','Banana - Leaves',31837,'Marje',1,10,NULL,NULL,NULL),(77,'Arington','Ketchup - Tomato',33998,'Rhetta',1,1,NULL,NULL,NULL),(78,'Cuesta','Flavouring - Rum',85209,'Alejandrina',0,7,NULL,NULL,NULL),(79,'Kampshell','Bread - Multigrain, Loaf',91863,'Tracee',0,9,NULL,NULL,NULL),(80,'Zanioletti','Beef - Cooked, Corned',19583,'Gene',0,10,NULL,NULL,NULL),(81,'Chedzoy','Pastry - Cherry Danish - Mini',72265,'Cole',1,1,NULL,NULL,NULL),(82,'Stump','Garlic - Primerba, Paste',62739,'Rozalin',0,2,NULL,NULL,NULL),(83,'Grelak','Teriyaki Sauce',44722,'Emilie',0,10,NULL,NULL,NULL),(84,'Illston','Plasticspoonblack',92736,'Craggie',1,10,NULL,NULL,NULL),(85,'Lightning','Nantucket Cranberry Juice',39146,'Stephenie',0,9,NULL,NULL,NULL),(86,'McGarrie','Bread - English Muffin',73862,'Gallard',1,5,NULL,NULL,NULL),(87,'Seczyk','Bread - Wheat Baguette',39442,'Shandra',0,9,NULL,NULL,NULL),(88,'Behr','Veal - Inside Round / Top, Lean',98889,'Jessie',0,7,NULL,NULL,NULL),(89,'Stanbro','Wine - George Duboeuf Rose',53178,'Chip',0,9,NULL,NULL,NULL),(90,'Leathard','Extract - Almond',13237,'Antonius',0,10,NULL,NULL,NULL),(91,'Dominicacci','Lettuce - Romaine',34181,'Antony',0,4,NULL,NULL,NULL),(92,'Ferreira','Dried Figs',67530,'Jade',1,1,NULL,NULL,NULL),(93,'Bickle','Quail - Eggs, Fresh',48699,'Ronica',0,6,NULL,NULL,NULL),(94,'Durtnell','Uniform Linen Charge',76078,'Mendel',0,6,NULL,NULL,NULL),(95,'Wegner','Cinnamon - Ground',72537,'Inna',0,2,NULL,NULL,NULL),(96,'McAless','Bread - Raisin Walnut Pull',93247,'Isadora',1,1,NULL,NULL,NULL),(97,'Otham','Water - Spring 1.5lit',65553,'Mandie',0,1,NULL,NULL,NULL),(98,'Stare','Cloves - Whole',50439,'Sabrina',1,6,NULL,NULL,NULL),(99,'Josebury','Dill Weed - Fresh',58786,'Lucine',1,2,NULL,NULL,NULL),(100,'Cloughton','Scotch - Queen Anne',66260,'Fanchette',0,2,NULL,NULL,NULL),(101,'Gidden','Mustard - Dry, Powder',65277,'Ludovika',0,10,NULL,NULL,NULL),(102,'Maidens','Mayonnaise',40760,'Thomasina',0,9,NULL,NULL,NULL),(103,'Crownshaw','Cheese - Cheddar, Mild',20738,'Jody',1,8,NULL,NULL,NULL),(104,'Crayden','Lamb - Shoulder',30970,'Emmye',0,6,NULL,NULL,NULL),(105,'Hissie','Nantucket Apple Juice',45985,'Winny',0,6,NULL,NULL,NULL),(106,'Kensett','V8 - Berry Blend',87638,'Justus',0,10,NULL,NULL,NULL),(107,'Vasnev','Seedlings - Mix, Organic',86444,'Olav',1,9,NULL,NULL,NULL),(108,'Simkovich','Soup V8 Roasted Red Pepper',39360,'Fianna',0,3,NULL,NULL,NULL),(109,'Doward','Beer - Upper Canada Lager',50965,'Tallie',0,6,NULL,NULL,NULL),(110,'Penning','Sobe - Lizard Fuel',46323,'Kerri',1,3,NULL,NULL,NULL),(111,'Heilds','The Pop Shoppe - Black Cherry',53088,'Meridith',1,10,NULL,NULL,NULL),(112,'Pettman','Cheese - Asiago',56994,'Freddi',1,4,NULL,NULL,NULL),(113,'Mustarde','Pomello',50307,'Illa',0,6,NULL,NULL,NULL),(114,'Wheater','The Pop Shoppe - Black Cherry',89710,'Natala',1,2,NULL,NULL,NULL),(115,'Durrett','Pecan Raisin - Tarts',48023,'Silvie',0,3,NULL,NULL,NULL),(116,'Berford','Pasta - Cheese / Spinach Bauletti',61448,'Nanete',0,1,NULL,NULL,NULL),(117,'Bradder','Puree - Kiwi',84202,'Gearard',1,10,NULL,NULL,NULL),(118,'Royce','Guinea Fowl',80364,'Tammy',1,7,NULL,NULL,NULL),(119,'Middas','Fiddlehead - Frozen',94068,'Meyer',1,9,NULL,NULL,NULL),(120,'Leed','Pork - Sausage, Medium',25918,'Dwight',0,5,NULL,NULL,NULL),(121,'Gligori','Carbonated Water - White Grape',17856,'Jessamine',1,8,NULL,NULL,NULL),(122,'Skoate','Juice - Mango',43686,'Branden',1,2,NULL,NULL,NULL),(123,'Marchand','Eggwhite Frozen',72051,'Kalie',1,8,NULL,NULL,NULL),(124,'Morrowe','Coffee - Frthy Coffee Crisp',75886,'Averyl',0,2,NULL,NULL,NULL),(125,'Gulk','Muffin Hinge - 211n',89564,'Joly',0,2,NULL,NULL,NULL),(126,'Springell','External Supplier',84518,'Tania',1,10,NULL,NULL,NULL),(127,'Jobes','Snapple Raspberry Tea',68669,'Ivar',0,9,NULL,NULL,NULL),(128,'Colcomb','Tuna - Bluefin',80162,'Ailyn',1,8,NULL,NULL,NULL),(129,'Pitkeathly','Stock - Beef, White',77403,'Alvin',1,8,NULL,NULL,NULL),(130,'Guisby','Juice - Orange, Concentrate',56232,'Cesya',0,7,NULL,NULL,NULL),(131,'Divis','Rice - Brown',88294,'Kylie',1,8,NULL,NULL,NULL),(132,'Konertz','Pur Source',67532,'Eloisa',1,9,NULL,NULL,NULL),(133,'Paddison','Danishes - Mini Raspberry',41872,'Kiley',0,4,NULL,NULL,NULL),(134,'Keys','Chips Potato Swt Chilli Sour',50593,'Eden',1,2,NULL,NULL,NULL),(135,'Goscar','Cheese - Goat',54843,'Roze',1,9,NULL,NULL,NULL),(136,'Castilla','Chicken - Leg / Back Attach',66795,'Luigi',0,6,NULL,NULL,NULL),(137,'Heck','Pastrami',48133,'Peder',0,5,NULL,NULL,NULL),(138,'Hubery','Plums - Red',74921,'Remy',1,8,NULL,NULL,NULL),(139,'Slaymaker','Bread - Assorted Rolls',55091,'Solly',0,2,NULL,NULL,NULL),(140,'Ranking','Fruit Salad Deluxe',29187,'Gigi',0,5,NULL,NULL,NULL),(141,'Latek','Clam - Cherrystone',51173,'Eveleen',0,3,NULL,NULL,NULL),(142,'Thompson','Cup - 6oz, Foam',75233,'Meta',1,9,NULL,NULL,NULL),(143,'Gorries','Cheese - Victor Et Berthold',14000,'Paula',1,6,NULL,NULL,NULL),(144,'Gwioneth','Nestea - Iced Tea',45393,'Ernaline',0,10,NULL,NULL,NULL),(145,'Rigby','Barley - Pearl',83365,'Ursuline',1,1,NULL,NULL,NULL),(146,'Arsmith','Cheese - Cheddar, Mild',65839,'Arel',1,2,NULL,NULL,NULL),(147,'Danby','Blouse / Shirt / Sweater',82364,'Arabela',0,6,NULL,NULL,NULL),(148,'Gregolin','Nectarines',84230,'Gail',1,7,NULL,NULL,NULL),(149,'Griffiths','Lamb - Shoulder',59403,'Noah',1,6,NULL,NULL,NULL),(150,'Baldam','Shrimp - Tiger 21/25',44026,'Michel',0,2,NULL,NULL,NULL),(151,'Lillecrop','Wine - Cava Aria Estate Brut',53018,'Curry',1,10,NULL,NULL,NULL),(152,'Tohill','Juice - Grapefruit, 341 Ml',18884,'Cameron',1,8,NULL,NULL,NULL),(153,'Wheal','Flounder - Fresh',41574,'Ricca',1,3,NULL,NULL,NULL),(154,'Anderton','Beef Wellington',77939,'Marcille',1,9,NULL,NULL,NULL),(155,'Gleave','Coffee - Colombian, Portioned',32707,'Cora',1,2,NULL,NULL,NULL),(156,'Lafflina','Turnip - Wax',65129,'Costa',1,10,NULL,NULL,NULL),(157,'Aindrais','Tea - English Breakfast',35902,'Lucky',0,8,NULL,NULL,NULL),(158,'Camin','Corn Syrup',97517,'Chilton',1,6,NULL,NULL,NULL),(159,'Link','Flour - Fast / Rapid',30786,'Demetrius',1,1,NULL,NULL,NULL),(160,'Menear','Tart Shells - Barquettes, Savory',35625,'Clem',1,9,NULL,NULL,NULL),(161,'Carrigan','Bar Special K',44850,'Jamison',1,9,NULL,NULL,NULL),(162,'Cuming','Coffee - Colombian, Portioned',11658,'Cheri',1,9,NULL,NULL,NULL),(163,'Wallworke','Cinnamon Rolls',29033,'Clari',0,7,NULL,NULL,NULL),(164,'Waters','Paste - Black Olive',89217,'Noland',1,1,NULL,NULL,NULL),(165,'Radloff','Pop - Club Soda Can',23058,'Martin',0,9,NULL,NULL,NULL),(166,'Birts','Muffin - Mix - Mango Sour Cherry',85339,'Dorothea',0,10,NULL,NULL,NULL),(167,'Bartolini','Cup - 4oz Translucent',70850,'Bertrando',1,7,NULL,NULL,NULL),(168,'Circuitt','Chicken - Leg / Back Attach',90888,'Rachael',0,9,NULL,NULL,NULL),(169,'Paschke','Juice - Grapefruit, 341 Ml',77254,'Eward',1,9,NULL,NULL,NULL),(170,'Daile','Soup - Knorr, French Onion',67025,'Colver',1,8,NULL,NULL,NULL),(171,'Donaghy','Olives - Black, Pitted',36295,'Daveta',0,3,NULL,NULL,NULL),(172,'Pocke','Eggroll',37183,'Marion',1,3,NULL,NULL,NULL),(173,'Smallsman','Jam - Raspberry',27933,'Ivette',0,2,NULL,NULL,NULL),(174,'Whether','Sausage - Blood Pudding',64166,'Dasi',1,8,NULL,NULL,NULL),(175,'Bonin','Nantucket Cranberry Juice',85372,'Aleda',0,1,NULL,NULL,NULL),(176,'Menault','Pork Loin Cutlets',93984,'Bartie',0,3,NULL,NULL,NULL),(177,'Peidro','Bowl 12 Oz - Showcase 92012',76901,'Issie',1,7,NULL,NULL,NULL),(178,'McElory','Bacardi Limon',15504,'Zaria',1,1,NULL,NULL,NULL),(179,'Honatsch','Juice - Ocean Spray Kiwi',74852,'Kania',0,6,NULL,NULL,NULL),(180,'Bonallick','Capon - Breast, Wing On',15037,'Annadiana',1,9,NULL,NULL,NULL),(181,'Chisnall','Clam Nectar',86865,'Brit',0,7,NULL,NULL,NULL),(182,'Nugent','Tomatoes - Hot House',90882,'Petey',0,4,NULL,NULL,NULL),(183,'Eppson','Truffle Shells - Semi - Sweet',26368,'Nichole',0,4,NULL,NULL,NULL),(184,'Filer','Tomatoes - Plum, Canned',87180,'Meryl',0,1,NULL,NULL,NULL),(185,'Bayles','Soup - Campbells, Lentil',77973,'Debra',0,1,NULL,NULL,NULL),(186,'Andreou','Basil - Pesto Sauce',91544,'Guenevere',0,8,NULL,NULL,NULL),(187,'Odams','Bay Leaf',81646,'Priscella',1,7,NULL,NULL,NULL),(188,'Tointon','Container - Hngd Cll Blk 7x7x3',53963,'Giovanni',1,3,NULL,NULL,NULL),(189,'Botten','Southern Comfort',87255,'Moise',0,2,NULL,NULL,NULL),(190,'Brassington','Beans - Fine',76172,'Patrizio',1,5,NULL,NULL,NULL),(191,'De la Harpe','Cake - Night And Day Choclate',75147,'Gustaf',0,7,NULL,NULL,NULL),(192,'Norwell','Mustard - Dry, Powder',65155,'Conrad',0,9,NULL,NULL,NULL),(193,'Brumbye','Carbonated Water - Blackcherry',73499,'Athena',0,1,NULL,NULL,NULL),(194,'Caville','Yogurt - Assorted Pack',93656,'Julius',1,4,NULL,NULL,NULL),(195,'Tisun','Lady Fingers',41783,'Alvie',0,4,NULL,NULL,NULL),(196,'Stoney','Beer - Muskoka Cream Ale',62551,'Christel',0,4,NULL,NULL,NULL),(197,'Rait','Toothpick Frilled',33598,'Dannie',1,1,NULL,NULL,NULL),(198,'Bruntjen','Salt - Kosher',41740,'Brooks',0,9,NULL,NULL,NULL),(199,'Zelner','Cake Sheet Combo Party Pack',89997,'Rhett',1,4,NULL,NULL,NULL),(200,'Kincey','Cookies Almond Hazelnut',20735,'Olimpia',0,1,NULL,NULL,NULL),(201,'Diegan','Turkey - Whole, Fresh',71327,'Angele',1,4,NULL,NULL,NULL),(202,'De Maria','Tart Shells - Savory, 2',37483,'Rockey',1,8,NULL,NULL,NULL),(203,'Scollick','Beets',35938,'Jonie',1,5,NULL,NULL,NULL),(204,'Young','Flower - Potmums',50911,'Lucine',0,7,NULL,NULL,NULL),(205,'Grichukhanov','Mushroom - King Eryingii',76212,'Noach',1,10,NULL,NULL,NULL),(206,'Levington','Bagelers - Cinn / Brown',19600,'Lombard',1,2,NULL,NULL,NULL),(207,'Lechmere','Basil - Seedlings Cookstown',14695,'Ichabod',0,1,NULL,NULL,NULL),(208,'Haddington','Soho Lychee Liqueur',32867,'Brigida',1,2,NULL,NULL,NULL),(209,'Girardin','Wine - Toasted Head',13426,'Arielle',1,7,NULL,NULL,NULL),(210,'Robertet','Vermouth - White, Cinzano',34090,'Palm',0,3,NULL,NULL,NULL),(211,'Dyton','Pork - Sausage Casing',17857,'Enrika',1,9,NULL,NULL,NULL),(212,'Puddifer','Sausage - Liver',19053,'Xever',1,9,NULL,NULL,NULL),(213,'Summons','Parsley - Fresh',47446,'Georgina',1,5,NULL,NULL,NULL),(214,'Screaton','Muffin - Mix - Bran And Maple 15l',54637,'Tiebout',1,2,NULL,NULL,NULL),(215,'Camier','Veal - Brisket, Provimi,bnls',50128,'Dulsea',1,9,NULL,NULL,NULL),(216,'Leadston','Trueblue - Blueberry',11798,'Harriet',1,5,NULL,NULL,NULL),(217,'Winchurst','Broom - Corn',27275,'Penny',1,8,NULL,NULL,NULL),(218,'MacKellen','Nut - Peanut, Roasted',66234,'Kahaleel',0,9,NULL,NULL,NULL),(219,'Leathley','Honey - Comb',49521,'Elissa',1,9,NULL,NULL,NULL),(220,'Streather','Pepper Squash',95053,'Sheelagh',0,8,NULL,NULL,NULL),(221,'Nannoni','Extract - Lemon',95063,'Ugo',0,6,NULL,NULL,NULL),(222,'Scrinage','Turkey - Breast, Double',31337,'Clarke',0,3,NULL,NULL,NULL),(223,'Shewry','Sauce - Sesame Thai Dressing',95204,'Francesca',0,6,NULL,NULL,NULL),(224,'Joriot','Table Cloth 120 Round White',95709,'Gretel',1,8,NULL,NULL,NULL),(225,'Buckney','Tea - Honey Green Tea',39296,'Prent',1,1,NULL,NULL,NULL),(226,'McGonigle','Cinnamon - Stick',34363,'Aurora',0,10,NULL,NULL,NULL),(227,'Boyton','Tea Peppermint',64549,'Hillie',0,8,NULL,NULL,NULL),(228,'Knighton','Paste - Black Olive',39369,'Kienan',1,1,NULL,NULL,NULL),(229,'Poad','Wine - White, Chardonnay',37699,'Felecia',0,4,NULL,NULL,NULL),(230,'Swarbrick','Couscous',41685,'Marylinda',1,2,NULL,NULL,NULL),(231,'Meredith','Tart Shells - Sweet, 4',85728,'Devina',1,5,NULL,NULL,NULL),(232,'Amis','Bagel - Whole White Sesame',83523,'Raddie',0,8,NULL,NULL,NULL),(233,'Grimstead','Beans - Navy, Dry',64660,'Slade',1,3,NULL,NULL,NULL),(234,'Abdy','Parsley - Fresh',95306,'Elita',1,8,NULL,NULL,NULL),(235,'Gullifant','Longos - Grilled Salmon With Bbq',77372,'Rori',0,2,NULL,NULL,NULL),(236,'Stopforth','Bar Energy Chocchip',84162,'Jaymie',1,3,NULL,NULL,NULL),(237,'O\'Shaughnessy','Tea - Herbal Sweet Dreams',34764,'Fonzie',0,4,NULL,NULL,NULL),(238,'Colloff','Muffin Mix - Carrot',65381,'Lenci',0,5,NULL,NULL,NULL),(239,'Tittershill','Bouq All Italian - Primerba',18700,'Silvano',1,10,NULL,NULL,NULL),(240,'Stiant','Mcguinness - Blue Curacao',88071,'Mareah',1,10,NULL,NULL,NULL),(241,'Koppes','Sour Puss Sour Apple',34654,'Iorgos',0,3,NULL,NULL,NULL),(242,'Sarath','Turnip - White',30420,'Bordy',0,7,NULL,NULL,NULL),(243,'Chamley','Beans - Kidney, Canned',47431,'Eugenius',1,5,NULL,NULL,NULL),(244,'Garvan','Wine - White, Schroder And Schyl',27905,'Sapphira',1,1,NULL,NULL,NULL),(245,'Spyby','Wine - Chablis 2003 Champs',72837,'Isidor',1,7,NULL,NULL,NULL),(246,'Dennison','Edible Flower - Mixed',39743,'Marabel',1,8,NULL,NULL,NULL),(247,'Bubear','Sugar - Invert',10343,'Giselbert',1,10,NULL,NULL,NULL),(248,'Lamburn','Wine - Soave Folonari',79710,'Alonzo',1,5,NULL,NULL,NULL),(249,'Schoffler','Oil - Peanut',12418,'Nanice',1,3,NULL,NULL,NULL),(250,'Quadling','Bagelers',15629,'Meredith',0,6,NULL,NULL,NULL),(251,'Clacson','Soup - Campbells Beef Noodle',11094,'Deni',1,4,NULL,NULL,NULL),(252,'Matessian','Salt - Rock, Course',20109,'North',0,6,NULL,NULL,NULL),(253,'Angeli','Olives - Kalamata',63112,'Willie',1,4,NULL,NULL,NULL),(254,'Esposita','Cheese - Mozzarella, Shredded',56052,'Batsheva',0,7,NULL,NULL,NULL),(255,'Harradence','Miso - Soy Bean Paste',43828,'Antons',0,10,NULL,NULL,NULL),(256,'Clawe','Tea - Orange Pekoe',31964,'Violet',1,10,NULL,NULL,NULL),(257,'Dewire','Pepper - Black, Crushed',89177,'Wallache',1,8,NULL,NULL,NULL),(258,'Leagas','Quail - Jumbo',62323,'Chevalier',1,5,NULL,NULL,NULL),(259,'McVee','Tequila Rose Cream Liquor',94420,'Cord',1,3,NULL,NULL,NULL),(260,'Mathon','Pepper - Black, Crushed',62748,'Hildagarde',0,2,NULL,NULL,NULL),(261,'Chislett','Mushrooms - Black, Dried',20894,'Devonna',0,4,NULL,NULL,NULL),(262,'Brennan','Tart - Raisin And Pecan',34665,'Emmalynn',1,6,NULL,NULL,NULL),(263,'Krauze','Chinese Foods - Pepper Beef',80392,'Pail',1,10,NULL,NULL,NULL),(264,'Akeherst','Container - Hngd Cll Blk 7x7x3',83824,'Frants',1,8,NULL,NULL,NULL),(265,'Thrush','Venison - Striploin',72250,'Leelah',0,5,NULL,NULL,NULL),(266,'Leander','Apple - Granny Smith',14225,'Steffi',1,9,NULL,NULL,NULL),(267,'Littrick','Wine - Red, Mosaic Zweigelt',93389,'Berny',1,4,NULL,NULL,NULL),(268,'Attkins','Lamb - Loin Chops',61363,'Carolee',1,4,NULL,NULL,NULL),(269,'Holgan','Broccoli - Fresh',10847,'Teresita',0,3,NULL,NULL,NULL),(270,'Turnbull','Soup - Base Broth Chix',46322,'Gray',1,1,NULL,NULL,NULL),(271,'Zellmer','Apple - Custard',18316,'Harri',1,8,NULL,NULL,NULL),(272,'Hacun','Chocolate - Liqueur Cups With Foil',21679,'Malynda',0,10,NULL,NULL,NULL),(273,'McPherson','Olives - Black, Pitted',71898,'Englebert',0,9,NULL,NULL,NULL),(274,'Guidi','Soup - Campbellschix Stew',52494,'Inger',0,9,NULL,NULL,NULL),(275,'Lacoste','Chocolate - Milk Coating',28474,'Hayley',1,8,NULL,NULL,NULL),(276,'Martinello','Towel Dispenser',97895,'Rhona',1,9,NULL,NULL,NULL),(277,'Pittendreigh','Juice - Apple, 500 Ml',40481,'Kelsey',1,8,NULL,NULL,NULL),(278,'Carey','Trueblue - Blueberry',41826,'Jeanie',0,1,NULL,NULL,NULL),(279,'Goley','Shrimp - 16/20, Peeled Deviened',20417,'Beitris',1,7,NULL,NULL,NULL),(280,'McCaskill','Mace Ground',15157,'Darya',0,9,NULL,NULL,NULL),(281,'Schoolfield','Flour - Cake',16039,'Grayce',0,8,NULL,NULL,NULL),(282,'Flannigan','Bread - Olive',65359,'Shelden',0,8,NULL,NULL,NULL),(283,'Rivelon','Taro Leaves',96092,'Nicky',0,7,NULL,NULL,NULL),(284,'Itzkovsky','Gelatine Powder',53652,'Jilli',0,8,NULL,NULL,NULL),(285,'McArd','Crab - Claws, 26 - 30',17363,'Che',1,5,NULL,NULL,NULL),(286,'Beagrie','Bread - Hamburger Buns',93326,'Didi',0,2,NULL,NULL,NULL),(287,'Toth','Rum - Dark, Bacardi, Black',16486,'Myrilla',1,1,NULL,NULL,NULL),(288,'Eyckelberg','Beef Wellington',55799,'Modesty',1,7,NULL,NULL,NULL),(289,'Patullo','Prunes - Pitted',72539,'Maurise',0,2,NULL,NULL,NULL),(290,'Chiplin','Lettuce - California Mix',69718,'Lorrayne',0,3,NULL,NULL,NULL),(291,'Vlach','Leeks - Baby, White',70544,'Emalia',0,6,NULL,NULL,NULL),(292,'Bleiman','Goat - Whole Cut',93280,'Jodi',0,9,NULL,NULL,NULL),(293,'Copeland','Squash - Pattypan, Yellow',47728,'Brandtr',0,1,NULL,NULL,NULL),(294,'Nelles','Sugar - Monocystal / Rock',38252,'Baillie',0,7,NULL,NULL,NULL),(295,'Etherington','Beef - Tenderloin',87880,'Marcela',0,2,NULL,NULL,NULL),(296,'Panks','Beer - Sleeman Fine Porter',71862,'Lexy',0,1,NULL,NULL,NULL),(297,'Tempest','Bread - Bistro White',87778,'Elvin',1,2,NULL,NULL,NULL),(298,'Garrold','Pur Source',22807,'Harold',1,1,NULL,NULL,NULL),(299,'Lightewood','Absolut Citron',76897,'Kennett',1,4,NULL,NULL,NULL),(300,'Mammatt','Beer - Mill St Organic',81386,'Corella',1,5,NULL,NULL,NULL),(301,'ducarme','Orange - Canned, Mandarin',72058,'Rodd',1,2,NULL,NULL,NULL),(302,'Von Oertzen','Cream - 18%',48451,'Noella',1,7,NULL,NULL,NULL),(303,'Hatzar','Cornstarch',70868,'Mehetabel',1,2,NULL,NULL,NULL),(304,'Bartell','Bagelers - Cinn / Brown Sugar',88808,'Sarge',0,2,NULL,NULL,NULL),(305,'Hancock','Halibut - Whole, Fresh',79624,'Layton',0,9,NULL,NULL,NULL),(306,'Whittingham','Shrimp - Prawn',28572,'Henriette',0,6,NULL,NULL,NULL),(307,'Hallum','Wine - White, Lindemans Bin 95',26429,'Stanislaus',0,3,NULL,NULL,NULL),(308,'Skarin','Cheese - Oka',44080,'Lorrie',1,7,NULL,NULL,NULL),(309,'Oppy','Rice - Wild',12072,'Robbin',1,5,NULL,NULL,NULL),(310,'Alsford','Pepper - Black, Whole',38020,'Natasha',1,9,NULL,NULL,NULL),(311,'Waber','Veal - Round, Eye Of',37123,'Stormie',0,6,NULL,NULL,NULL),(312,'Benthall','Pork - Caul Fat',71931,'Tommie',1,10,NULL,NULL,NULL),(313,'Blatchford','Jam - Raspberry,jar',75251,'Harman',0,7,NULL,NULL,NULL),(314,'Thecham','Anchovy In Oil',56827,'Viola',1,1,NULL,NULL,NULL),(315,'Azemar','Chevril',47495,'Eyde',1,10,NULL,NULL,NULL),(316,'Hallows','Wine - Red, Antinori Santa',62870,'Marlene',1,7,NULL,NULL,NULL),(317,'Patek','Squid Ink',44580,'Minta',0,5,NULL,NULL,NULL),(318,'Tofts','Country Roll',65966,'Tybalt',0,8,NULL,NULL,NULL),(319,'Wilby','Mackerel Whole Fresh',54159,'Rudolf',0,9,NULL,NULL,NULL),(320,'Nusche','Beer - Camerons Cream Ale',53203,'Natale',1,3,NULL,NULL,NULL),(321,'Kovelmann','Salt And Pepper Mix - White',92095,'Ardelle',0,1,NULL,NULL,NULL),(322,'Menaul','Squeeze Bottle',47332,'Lexine',0,2,NULL,NULL,NULL),(323,'Roath','Lobster - Cooked',22505,'Brooke',0,4,NULL,NULL,NULL),(324,'Burfield','Muffin - Blueberry Individual',76319,'Ezequiel',1,10,NULL,NULL,NULL),(325,'Fetterplace','Noodles - Steamed Chow Mein',87957,'Netti',0,4,NULL,NULL,NULL),(326,'Leith','Pie Filling - Pumpkin',27310,'Moira',0,10,NULL,NULL,NULL),(327,'Yate','Lamb Rack - Ontario',75335,'Arabella',0,3,NULL,NULL,NULL),(328,'Basnett','Wine - Red, Mouton Cadet',89603,'Joyous',0,4,NULL,NULL,NULL),(329,'Algeo','Soup Knorr Chili With Beans',37373,'Prentiss',1,4,NULL,NULL,NULL),(330,'Whistlecraft','Pastry - Carrot Muffin - Mini',27899,'Fulton',1,5,NULL,NULL,NULL),(331,'Edworthye','Bread - Dark Rye, Loaf',30212,'Paxton',0,2,NULL,NULL,NULL),(332,'Saville','Urban Zen Drinks',68868,'Caritta',0,9,NULL,NULL,NULL),(333,'Gobbet','Cheese - Brick With Onion',65568,'Shelli',0,8,NULL,NULL,NULL),(334,'McGorley','Chutney Sauce - Mango',32846,'Wat',1,3,NULL,NULL,NULL),(335,'Hanratty','Nut - Chestnuts, Whole',28356,'Catarina',1,6,NULL,NULL,NULL),(336,'Crossby','Onion - Dried',89626,'Sybilla',0,10,NULL,NULL,NULL),(337,'Kobus','Beef - Cow Feet Split',70962,'Dolorita',0,2,NULL,NULL,NULL),(338,'Finkle','French Pastry - Mini Chocolate',32147,'Debbi',1,3,NULL,NULL,NULL),(339,'Cridland','Appetizer - Lobster Phyllo Roll',92366,'Abie',0,3,NULL,NULL,NULL),(340,'Restorick','Cheese - Grana Padano',86326,'Rob',0,7,NULL,NULL,NULL),(341,'Jewster','Tomatoes - Heirloom',30859,'Filberto',1,8,NULL,NULL,NULL),(342,'Gallyon','Nectarines',19401,'Lorettalorna',0,3,NULL,NULL,NULL),(343,'Blaik','Wine - Placido Pinot Grigo',94839,'Roseann',0,4,NULL,NULL,NULL),(344,'Ganter','Cheese - Brick With Pepper',59768,'Irena',1,6,NULL,NULL,NULL),(345,'Arton','Bread - Ciabatta Buns',52677,'Otes',0,2,NULL,NULL,NULL),(346,'Challiss','Soup - Campbells, Chix Gumbo',36270,'Chrystel',1,3,NULL,NULL,NULL),(347,'Yellowlee','Bread - Granary Small Pull',86227,'Bethanne',1,2,NULL,NULL,NULL),(348,'Reubbens','Rabbit - Legs',73286,'Twyla',0,7,NULL,NULL,NULL),(349,'Crucetti','Chicken - Wieners',28211,'Thacher',1,1,NULL,NULL,NULL),(350,'Oxberry','Sobe - Green Tea',54799,'Mason',0,7,NULL,NULL,NULL),(351,'Kellart','Crab - Back Fin Meat, Canned',90165,'Tan',1,4,NULL,NULL,NULL),(352,'Collings','Pastry - Baked Cinnamon Stick',11175,'Alfi',1,7,NULL,NULL,NULL),(353,'Bazley','Glycerine',28503,'Brock',0,5,NULL,NULL,NULL),(354,'Sinclar','Cod - Fillets',68291,'Neila',1,2,NULL,NULL,NULL),(355,'Grasser','Pepper - White, Ground',26063,'Merridie',1,1,NULL,NULL,NULL),(356,'Tutchings','Tabasco Sauce, 2 Oz',80489,'Danila',1,4,NULL,NULL,NULL),(357,'Hards','Oneshot Automatic Soap System',32175,'Bald',1,5,NULL,NULL,NULL),(358,'Dumphy','Sour Puss - Tangerine',29953,'Al',1,5,NULL,NULL,NULL),(359,'Croce','Wine - Segura Viudas Aria Brut',88790,'Marion',0,10,NULL,NULL,NULL),(360,'Mungane','Wine - White, French Cross',81269,'Sonya',0,10,NULL,NULL,NULL),(361,'O\'Donoghue','Bread - Corn Muffaleta Onion',28960,'Bourke',1,1,NULL,NULL,NULL),(362,'Brundill','Tart Shells - Savory, 2',15449,'Burl',1,9,NULL,NULL,NULL),(363,'Spawell','Cheese - Fontina',54466,'Wood',1,2,NULL,NULL,NULL),(364,'Wasielewicz','Veal - Osso Bucco',42525,'Ally',1,8,NULL,NULL,NULL),(365,'Giacobini','Filo Dough',34584,'Rosana',0,10,NULL,NULL,NULL),(366,'Roberti','Pants Custom Dry Clean',19830,'Philippine',1,5,NULL,NULL,NULL),(367,'Snoddon','Fennel',96508,'Phaidra',0,2,NULL,NULL,NULL),(368,'Meneyer','Steam Pan Full Lid',80801,'Peirce',0,9,NULL,NULL,NULL),(369,'Merriott','Lamb - Pieces, Diced',36688,'Idette',1,6,NULL,NULL,NULL),(370,'Binder','Beans - Yellow',28741,'Flem',1,2,NULL,NULL,NULL),(371,'Brazener','Cloves - Whole',21390,'Lexis',1,9,NULL,NULL,NULL),(372,'Chapple','Tomatoes - Heirloom',66085,'Nan',1,3,NULL,NULL,NULL),(373,'Murt','Rice - Jasmine Sented',77341,'Marion',0,7,NULL,NULL,NULL),(374,'MacGall','Cream - 35%',58688,'Luther',1,4,NULL,NULL,NULL),(375,'Arens','Cookies - Englishbay Oatmeal',70886,'Ugo',1,10,NULL,NULL,NULL),(376,'Duchasteau','Beer - Blue',68287,'Loraine',0,1,NULL,NULL,NULL),(377,'Hulburd','Corn - Mini',98863,'Arlee',1,2,NULL,NULL,NULL),(378,'Ducham','Potatoes - Yukon Gold 5 Oz',85301,'Sascha',1,10,NULL,NULL,NULL),(379,'Truwert','Wine - Niagara,vqa Reisling',92197,'Rob',0,9,NULL,NULL,NULL),(380,'McGookin','Beef - Top Butt Aaa',22862,'Mariele',0,1,NULL,NULL,NULL),(381,'Ancliffe','Bread - Roll, Soft White Round',14938,'Milli',0,5,NULL,NULL,NULL),(382,'Kemme','Tomatoes - Roma',99233,'Deonne',0,5,NULL,NULL,NULL),(383,'Baldacchino','Chips - Doritos',11866,'Maynard',1,6,NULL,NULL,NULL),(384,'Fallowes','Cookie - Oreo 100x2',70537,'Sandy',0,2,NULL,NULL,NULL),(385,'Chapiro','Cake Circle, Foil, Scallop',64012,'Linnea',1,6,NULL,NULL,NULL),(386,'Loeber','Pork - Bacon Cooked Slcd',52481,'Rhetta',1,9,NULL,NULL,NULL),(387,'Manske','Filling - Mince Meat',57463,'Ty',1,2,NULL,NULL,NULL),(388,'Shurville','Salt And Pepper Mix - Black',53939,'Brnaby',0,2,NULL,NULL,NULL),(389,'Lerway','Soup - Campbells Pasta Fagioli',98973,'Melli',0,2,NULL,NULL,NULL),(390,'Fookes','Lid - 3oz Med Rec',35869,'Pavel',1,3,NULL,NULL,NULL),(391,'Innes','Juice - V8, Tomato',20856,'Barclay',1,10,NULL,NULL,NULL),(392,'Grogono','Sugar - Fine',66634,'Estella',1,5,NULL,NULL,NULL),(393,'Timmons','Phyllo Dough',11805,'Griswold',0,10,NULL,NULL,NULL),(394,'Cadding','Nut - Almond, Blanched, Whole',70705,'Barbe',0,2,NULL,NULL,NULL),(395,'Awty','Olives - Black, Pitted',79722,'Jude',0,9,NULL,NULL,NULL),(396,'Kilalea','Pork Casing',49510,'Archer',0,9,NULL,NULL,NULL),(397,'Dunbar','Puff Pastry - Slab',54707,'Allsun',1,3,NULL,NULL,NULL),(398,'Paulisch','Ezy Change Mophandle',62128,'Dew',1,3,NULL,NULL,NULL),(399,'Shackleton','Longos - Chicken Cordon Bleu',18671,'Sephira',0,5,NULL,NULL,NULL),(400,'McCurry','Ostrich - Fan Fillet',81210,'Waly',1,3,NULL,NULL,NULL),(401,'Geater','Pork - Back, Long Cut, Boneless',38271,'Erminia',1,2,NULL,NULL,NULL),(402,'Conradie','Cheese - Mozzarella, Buffalo',10139,'Korie',1,7,NULL,NULL,NULL),(403,'Timewell','Bar Mix - Pina Colada, 355 Ml',57869,'Rey',0,5,NULL,NULL,NULL),(404,'Temple','Pastry - Key Limepoppy Seed Tea',75247,'Thea',0,7,NULL,NULL,NULL),(405,'Dicken','Shrimp - Black Tiger 13/15',19426,'Ole',1,9,NULL,NULL,NULL),(406,'Denidge','Pasta - Canelloni',69280,'Kimmi',1,1,NULL,NULL,NULL),(407,'Goadbie','Oil - Hazelnut',39350,'Gallard',0,9,NULL,NULL,NULL),(408,'Riseley','Ecolab - Hobart Upr Prewash Arm',50949,'Eugenia',1,8,NULL,NULL,NULL),(409,'Finden','Black Currants',50327,'Trisha',1,7,NULL,NULL,NULL),(410,'Hawtrey','Longos - Chicken Wings',98739,'Noble',0,4,NULL,NULL,NULL),(411,'Boffin','Wakami Seaweed',53245,'Charlie',0,10,NULL,NULL,NULL),(412,'Myerscough','Bamboo Shoots - Sliced',48010,'Torey',0,3,NULL,NULL,NULL),(413,'Cestard','Appetiser - Bought',56386,'Edita',1,9,NULL,NULL,NULL),(414,'Fihelly','Compound - Rum',58444,'Nissa',0,6,NULL,NULL,NULL),(415,'Carlin','Syrup - Monin, Swiss Choclate',95211,'Carry',0,3,NULL,NULL,NULL),(416,'Roch','Tomatoes - Hot House',58660,'Felicdad',1,9,NULL,NULL,NULL),(417,'Heffernan','Almonds Ground Blanched',43882,'Frederico',0,7,NULL,NULL,NULL),(418,'Atter','Chocolate - Pistoles, Lactee, Milk',46078,'Sheeree',0,10,NULL,NULL,NULL),(419,'Blythe','Clams - Littleneck, Whole',29228,'Thorndike',0,7,NULL,NULL,NULL),(420,'Pavlovic','Wine - Pinot Noir Pond Haddock',99209,'Gay',0,1,NULL,NULL,NULL),(421,'Olivet','Mix - Cappucino Cocktail',92935,'Zelma',1,2,NULL,NULL,NULL),(422,'Aronsohn','Teriyaki Sauce',54358,'Marjorie',0,1,NULL,NULL,NULL),(423,'Zannotti','Yogurt - Assorted Pack',57381,'Delbert',0,5,NULL,NULL,NULL),(424,'Fontes','Gloves - Goldtouch Disposable',97163,'Grannie',1,9,NULL,NULL,NULL),(425,'Feldmesser','Tequila - Sauza Silver',36185,'Maurizia',0,3,NULL,NULL,NULL),(426,'Laweles','Crawfish',14462,'Mauricio',0,2,NULL,NULL,NULL),(427,'Lawrenson','Clams - Bay',47087,'Avery',1,1,NULL,NULL,NULL),(428,'Challiss','Calvados - Boulard',21361,'Ki',0,3,NULL,NULL,NULL),(429,'Ashness','Wine - Casillero Deldiablo',99347,'Sallyanne',0,7,NULL,NULL,NULL),(430,'Mathouse','Dates',95140,'Mommy',1,8,NULL,NULL,NULL),(431,'Newnham','Onions - Cooking',25652,'Dorena',0,8,NULL,NULL,NULL),(432,'Fishly','Apron',95758,'Rosalyn',0,10,NULL,NULL,NULL),(433,'Crabbe','Bagel - Sesame Seed Presliced',34055,'Egor',1,10,NULL,NULL,NULL),(434,'Tommasi','Smoked Tongue',88801,'Kameko',0,7,NULL,NULL,NULL),(435,'Oubridge','Wine - Cousino Macul Antiguas',98538,'Belia',1,6,NULL,NULL,NULL),(436,'Reightley','Rye Special Old',96484,'Glenn',1,5,NULL,NULL,NULL),(437,'Sainthill','Tart Shells - Savory, 3',89830,'Maddy',1,1,NULL,NULL,NULL),(438,'Ince','Muffin Chocolate Individual Wrap',95251,'Ketti',0,3,NULL,NULL,NULL),(439,'Woonton','Bread - Kimel Stick Poly',47268,'Gawain',0,10,NULL,NULL,NULL),(440,'Hattoe','Pie Box - Cello Window 2.5',44226,'Lorelei',1,7,NULL,NULL,NULL),(441,'Cornell','Glaze - Apricot',68268,'Lillis',0,4,NULL,NULL,NULL),(442,'Norquoy','Cranberries - Fresh',43339,'Quintin',0,7,NULL,NULL,NULL),(443,'Keer','Lettuce - Escarole',67858,'Amy',1,3,NULL,NULL,NULL),(444,'Casebourne','Garbage Bags - Clear',59662,'Gennifer',0,3,NULL,NULL,NULL),(445,'Wathell','Olives - Kalamata',84851,'Barnie',1,1,NULL,NULL,NULL),(446,'Cockerill','Lemonade - Island Tea, 591 Ml',33092,'Salmon',1,1,NULL,NULL,NULL),(447,'Valadez','Table Cloth - 53x69 Colour',56141,'Brook',1,2,NULL,NULL,NULL),(448,'Blewis','Bread - Dark Rye, Loaf',68073,'Janka',0,5,NULL,NULL,NULL),(449,'Leser','Containter - 3oz Microwave Rect.',17816,'Malissia',1,2,NULL,NULL,NULL),(450,'Langmuir','Milk - Chocolate 250 Ml',85945,'Luis',1,10,NULL,NULL,NULL),(451,'Oughtright','Potatoes - Yukon Gold 5 Oz',90559,'Tierney',1,10,NULL,NULL,NULL),(452,'Ivetts','Doilies - 10, Paper',71293,'Kendrick',0,6,NULL,NULL,NULL),(453,'Raleston','Tomatoes - Orange',15900,'Jaine',1,5,NULL,NULL,NULL),(454,'Barkas','Seaweed Green Sheets',36047,'Gypsy',1,6,NULL,NULL,NULL),(455,'Huff','Lighter - Bbq',55309,'Jerome',0,3,NULL,NULL,NULL),(456,'Prinne','Wine - Segura Viudas Aria Brut',94760,'Ezequiel',0,8,NULL,NULL,NULL),(457,'Grassin','Wine - Muscadet Sur Lie',71734,'Inna',1,7,NULL,NULL,NULL),(458,'Morais','Apron',31101,'Ferne',1,7,NULL,NULL,NULL),(459,'Bride','Turnip - Wax',58809,'Ulysses',0,2,NULL,NULL,NULL),(460,'Duer','Wine - Masi Valpolocell',48775,'Chantal',0,3,NULL,NULL,NULL),(461,'Freiburger','Salt - Kosher',58429,'El',0,7,NULL,NULL,NULL),(462,'Frankham','Bacardi Breezer - Tropical',58562,'Art',1,6,NULL,NULL,NULL),(463,'Regina','Snapple - Iced Tea Peach',63923,'Shannon',1,2,NULL,NULL,NULL),(464,'Purseglove','Island Oasis - Sweet And Sour Mix',42685,'Carlie',0,8,NULL,NULL,NULL),(465,'Sellek','Cake - French Pear Tart',64739,'Shepard',1,9,NULL,NULL,NULL),(466,'Bradley','Flour - All Purpose',85311,'Bronson',0,2,NULL,NULL,NULL),(467,'Joscelyn','Sauce - Cranberry',96997,'Edmund',1,3,NULL,NULL,NULL),(468,'Gocke','Muffins - Assorted',85538,'Matilda',0,4,NULL,NULL,NULL),(469,'Katzmann','Pike - Frozen Fillet',66374,'Clotilda',0,9,NULL,NULL,NULL),(470,'Allsworth','Chicken - Leg, Boneless',97271,'Lorin',0,8,NULL,NULL,NULL),(471,'Belin','French Kiss Vanilla',55440,'Alma',0,3,NULL,NULL,NULL),(472,'Strettle','Lettuce - Lolla Rosa',58373,'Linet',1,1,NULL,NULL,NULL),(473,'Darlington','Garlic - Peeled',61709,'Madlin',0,7,NULL,NULL,NULL),(474,'Banner','Vermouth - Sweet, Cinzano',42419,'Elihu',1,6,NULL,NULL,NULL),(475,'Gent','Tortillas - Flour, 10',96788,'Flossy',0,10,NULL,NULL,NULL),(476,'Padley','Ice Cream - Vanilla',50767,'Maxie',1,3,NULL,NULL,NULL),(477,'Willmer','Coffee - Frthy Coffee Crisp',53574,'Jaclyn',1,8,NULL,NULL,NULL),(478,'Dunnion','Chocolate - Semi Sweet',55567,'Zahara',1,5,NULL,NULL,NULL),(479,'Duthie','Napkin Colour',32756,'Demetria',1,5,NULL,NULL,NULL),(480,'Donativo','Barramundi',70175,'Nilson',0,4,NULL,NULL,NULL),(481,'Blinckhorne','Pork - Ham, Virginia',84356,'Joyce',1,3,NULL,NULL,NULL),(482,'Aldwich','Bouillion - Fish',80456,'Johannah',0,10,NULL,NULL,NULL),(483,'Barkshire','Chips - Doritos',60460,'Osborn',1,10,NULL,NULL,NULL),(484,'Southward','Tart - Lemon',96777,'Uta',1,4,NULL,NULL,NULL),(485,'Lipprose','Towel Multifold',93690,'Roxine',1,3,NULL,NULL,NULL),(486,'Grayson','Asparagus - Green, Fresh',35761,'Daniella',1,4,NULL,NULL,NULL),(487,'Robertz','Bread - Burger',72609,'Shurlock',0,1,NULL,NULL,NULL),(488,'Normaville','Wine - Red, Colio Cabernet',32227,'Obidiah',1,7,NULL,NULL,NULL),(489,'Schimek','Wine - Red, Concha Y Toro',13775,'Kynthia',1,2,NULL,NULL,NULL),(490,'Malt','Beer - Heinekin',22075,'Red',0,5,NULL,NULL,NULL),(491,'Clibbery','Chocolate Liqueur - Godet White',11431,'Emmanuel',0,7,NULL,NULL,NULL),(492,'Splain','Cut Wakame - Hanawakaba',30239,'Joseito',1,5,NULL,NULL,NULL),(493,'Lawie','Gherkin',46667,'Nick',1,9,NULL,NULL,NULL),(494,'Burnand','Peas - Pigeon, Dry',38955,'Allen',1,6,NULL,NULL,NULL),(495,'Beirne','Pike - Frozen Fillet',46995,'Marty',1,3,NULL,NULL,NULL),(496,'Maxstead','Pork - Back, Long Cut, Boneless',20756,'Rey',0,7,NULL,NULL,NULL),(497,'Tappin','Eggs - Extra Large',98997,'Clovis',0,2,NULL,NULL,NULL),(498,'Tynan','Poppy Seed',96336,'Peria',1,1,NULL,NULL,NULL),(499,'Bettaney','Longos - Assorted Sandwich',93196,'Franny',1,9,NULL,NULL,NULL),(500,'Douglass','Beer - Camerons Auburn',31228,'Sig',1,1,NULL,NULL,NULL),(501,'Tufts','Cheese - Sheep Milk',11023,'Reeta',0,6,NULL,NULL,NULL),(502,'Croad','Pheasants - Whole',65983,'Willow',1,9,NULL,NULL,NULL),(503,'Daniels','Puff Pastry - Slab',63541,'Shaylah',1,1,NULL,NULL,NULL),(504,'Tetther','Lighter - Bbq',77972,'Clerkclaude',0,3,NULL,NULL,NULL),(505,'Jozefiak','Myers Planters Punch',29502,'Jolynn',1,3,NULL,NULL,NULL),(506,'Oen','Bread - Rosemary Focaccia',14846,'Cristionna',1,3,NULL,NULL,NULL),(507,'Doman','Mushroom - Trumpet, Dry',69147,'Win',1,6,NULL,NULL,NULL),(508,'Pauncefort','Flour - Teff',85883,'Sid',0,10,NULL,NULL,NULL),(509,'Boyland','Foil Cont Round',58717,'Link',0,2,NULL,NULL,NULL),(510,'Tomaszynski','Veal - Chops, Split, Frenched',96542,'Lian',1,3,NULL,NULL,NULL),(511,'Bryers','Wine - Fino Tio Pepe Gonzalez',11991,'Lucian',1,5,NULL,NULL,NULL),(512,'Meneghi','Butter - Salted',64392,'Celinda',0,8,NULL,NULL,NULL),(513,'Muir','Bols Melon Liqueur',88230,'Filip',0,8,NULL,NULL,NULL),(514,'Benbrick','The Pop Shoppe Pinapple',81562,'Cati',0,1,NULL,NULL,NULL),(515,'Heatlie','Red Snapper - Fillet, Skin On',98903,'Judye',1,10,NULL,NULL,NULL),(516,'Kegley','Beer - Mill St Organic',90577,'Starr',1,9,NULL,NULL,NULL),(517,'Connerly','Glycerine',60773,'Kiah',1,3,NULL,NULL,NULL),(518,'Rookwell','Dehydrated Kelp Kombo',87274,'Aryn',1,5,NULL,NULL,NULL),(519,'Tipperton','Wine - Merlot Vina Carmen',84998,'Clare',0,7,NULL,NULL,NULL),(520,'MacCoughen','Cake - Dulce De Leche',70400,'Wanda',1,7,NULL,NULL,NULL),(521,'Rahl','Lamb - Bones',64263,'Laney',1,1,NULL,NULL,NULL),(522,'Grigori','Ham - Smoked, Bone - In',51484,'Barbee',0,4,NULL,NULL,NULL),(523,'Mary','Beef - Top Butt Aaa',50339,'Jacky',1,7,NULL,NULL,NULL),(524,'Ervine','Cheese - Perron Cheddar',48672,'Ariel',0,4,NULL,NULL,NULL),(525,'Pinwill','Soup - Tomato Mush. Florentine',46118,'Emera',0,10,NULL,NULL,NULL),(526,'McCurley','Cookie Dough - Oatmeal Rasin',92359,'Gabrielle',0,9,NULL,NULL,NULL),(527,'Bellinger','Buttons',20788,'Rozelle',1,4,NULL,NULL,NULL),(528,'Galero','Hipnotiq Liquor',22866,'Alec',1,2,NULL,NULL,NULL),(529,'O\'Heneghan','Oil - Coconut',43200,'Darill',1,1,NULL,NULL,NULL),(530,'Gomer','Cake - Cheese Cake 9 Inch',95826,'Harwilll',1,1,NULL,NULL,NULL),(531,'Hedylstone','Nut - Almond, Blanched, Sliced',61777,'Libbi',1,4,NULL,NULL,NULL),(532,'Conklin','Rabbit - Whole',57487,'Brewer',1,8,NULL,NULL,NULL),(533,'Castledine','Potatoes - Peeled',91955,'Arlana',1,4,NULL,NULL,NULL),(534,'Papierz','Pork - Side Ribs',83361,'Nessie',1,7,NULL,NULL,NULL),(535,'Braidwood','Wine - White, Ej',48534,'Ninnetta',0,10,NULL,NULL,NULL),(536,'Mark','Vinegar - Sherry',69015,'Hadley',0,7,NULL,NULL,NULL),(537,'Schleicher','Wine - White, Lindemans Bin 95',39975,'Andria',1,7,NULL,NULL,NULL),(538,'Tissell','Energy Drink - Redbull 355ml',84114,'Sholom',1,9,NULL,NULL,NULL),(539,'Shay','Chicken - Wieners',67340,'Mab',0,6,NULL,NULL,NULL),(540,'Kornes','Rabbit - Whole',79308,'Emylee',0,8,NULL,NULL,NULL),(541,'McGonigal','Chinese Foods - Chicken',45120,'Guillema',1,5,NULL,NULL,NULL),(542,'Geistmann','Long Island Ice Tea',64448,'Lorrie',0,3,NULL,NULL,NULL),(543,'Owenson','Beer - Blue Light',60914,'Tobiah',1,4,NULL,NULL,NULL),(544,'Evetts','Juice - Lemon',42297,'Emlynn',0,10,NULL,NULL,NULL),(545,'Eyden','Barley - Pearl',17417,'Georgi',1,4,NULL,NULL,NULL),(546,'Tout','Bacon Strip Precooked',21700,'Raymund',0,3,NULL,NULL,NULL),(547,'Polini','Rootbeer',85185,'Harvey',1,5,NULL,NULL,NULL),(548,'Wankel','Cheese - Wine',14699,'Shawna',1,6,NULL,NULL,NULL),(549,'Ferns','Bread - French Baquette',14227,'Adolph',0,5,NULL,NULL,NULL),(550,'Wixon','Wine - Niagara Peninsula Vqa',54806,'Dukie',0,7,NULL,NULL,NULL),(551,'Reven','Energy Drink Bawls',54584,'Ferne',0,1,NULL,NULL,NULL),(552,'Dmisek','Wine - Cava Aria Estate Brut',67204,'Koral',1,5,NULL,NULL,NULL),(553,'Eads','Seedlings - Mix, Organic',32856,'Dorita',0,3,NULL,NULL,NULL),(554,'Atwool','Veal - Insides Provini',12475,'Rubin',1,10,NULL,NULL,NULL),(555,'Hellicar','Lentils - Green Le Puy',76430,'Aubry',1,3,NULL,NULL,NULL),(556,'Whellams','Kiwi Gold Zespri',63694,'Guthrie',1,4,NULL,NULL,NULL),(557,'Ruscoe','Compound - Strawberry',49251,'Tamarah',0,3,NULL,NULL,NULL),(558,'Nisius','Coke - Classic, 355 Ml',26183,'Neysa',0,10,NULL,NULL,NULL),(559,'Frick','Roe - White Fish',77056,'Rhody',1,8,NULL,NULL,NULL),(560,'Binner','Pail - 4l White, With Handle',34254,'Dewey',1,8,NULL,NULL,NULL),(561,'Manning','Shrimp - Black Tiger 26/30',68934,'Garwin',1,1,NULL,NULL,NULL),(562,'Renachowski','Pie Filling - Apple',56765,'Olivier',0,2,NULL,NULL,NULL),(563,'Baber','Sesame Seed',83401,'Carmina',0,5,NULL,NULL,NULL),(564,'Hellard','Syrup - Monin - Passion Fruit',66651,'Jewelle',1,10,NULL,NULL,NULL),(565,'Gutierrez','Mayonnaise - Individual Pkg',21861,'Abram',1,9,NULL,NULL,NULL),(566,'Bothbie','Mussels - Cultivated',62203,'Brockie',1,1,NULL,NULL,NULL),(567,'McKennan','Hipnotiq Liquor',72469,'Hillel',0,7,NULL,NULL,NULL),(568,'Cresar','Egg - Salad Premix',47936,'Una',0,4,NULL,NULL,NULL),(569,'Larkkem','Onions - Vidalia',37071,'Stern',1,10,NULL,NULL,NULL),(570,'Habble','Yogurt - Strawberry, 175 Gr',95497,'Ezmeralda',1,5,NULL,NULL,NULL),(571,'Czajka','Beef - Ox Tail, Frozen',73722,'Petr',1,6,NULL,NULL,NULL),(572,'Stickland','Rabbit - Frozen',71875,'Sigrid',0,4,NULL,NULL,NULL),(573,'Abrahmer','Cranberry Foccacia',60477,'Rozanna',0,9,NULL,NULL,NULL),(574,'Bickmore','Appetizer - Mushroom Tart',95374,'Syman',1,7,NULL,NULL,NULL),(575,'Pococke','Soup - Tomato Mush. Florentine',44002,'Leroi',1,7,NULL,NULL,NULL),(576,'Di Pietro','Sprite - 355 Ml',15823,'Anton',1,4,NULL,NULL,NULL),(577,'Tuny','Juice - Happy Planet',49349,'Raina',0,10,NULL,NULL,NULL),(578,'Phlippsen','Grapes - Red',97996,'Bert',0,5,NULL,NULL,NULL),(579,'Showers','Coffee Beans - Chocolate',63989,'Yard',0,2,NULL,NULL,NULL),(580,'O\'Keenan','Wine - Black Tower Qr',54733,'Joyann',1,4,NULL,NULL,NULL),(581,'Vela','Strawberries',77857,'Ara',0,10,NULL,NULL,NULL),(582,'Bartozzi','Onions - Dried, Chopped',37314,'Noelani',1,7,NULL,NULL,NULL),(583,'Middler','Flower - Commercial Bronze',62292,'Dewie',1,5,NULL,NULL,NULL),(584,'Klimkiewich','Wine - Ruffino Chianti Classico',85039,'Izzy',1,5,NULL,NULL,NULL),(585,'Bollin','Halibut - Fletches',50336,'Viki',0,10,NULL,NULL,NULL),(586,'Kowalski','Beef Flat Iron Steak',55639,'Hamel',0,7,NULL,NULL,NULL),(587,'Francecione','Truffle Cups - Red',45728,'Octavius',0,5,NULL,NULL,NULL),(588,'Wyse','Wine - Red Oakridge Merlot',31076,'Roselin',1,2,NULL,NULL,NULL),(589,'Lewsley','Pails With Lids',66830,'Vivianne',1,5,NULL,NULL,NULL),(590,'Crowdy','Wasabi Powder',45682,'Tammara',0,1,NULL,NULL,NULL),(591,'Middlewick','Compound - Raspberry',60028,'Letta',1,5,NULL,NULL,NULL),(592,'Hagart','Chocolate Bar - Reese Pieces',45226,'Zaccaria',1,4,NULL,NULL,NULL),(593,'Witterick','Nut - Walnut, Chopped',98713,'Koo',0,4,NULL,NULL,NULL),(594,'Saundercock','Marzipan 50/50',30778,'Nichole',1,4,NULL,NULL,NULL),(595,'Seignior','Sesame Seed Black',33788,'Jandy',1,4,NULL,NULL,NULL),(596,'Zute','Puree - Passion Fruit',80078,'Meridel',1,7,NULL,NULL,NULL),(597,'Bromley','Tart Shells - Sweet, 3',82441,'Corby',1,1,NULL,NULL,NULL),(598,'Birdwhistle','Rice Pilaf, Dry,package',54166,'Aggi',0,1,NULL,NULL,NULL),(599,'Ansteys','Crab - Imitation Flakes',33320,'Christiano',0,4,NULL,NULL,NULL),(600,'Corley','Beans - Kidney, Canned',71263,'Friedrick',0,2,NULL,NULL,NULL),(601,'Thompson','Cheese - Cambozola',19025,'Dolf',1,10,NULL,NULL,NULL),(602,'Giraldez','Filling - Mince Meat',79944,'Stavros',0,8,NULL,NULL,NULL),(603,'McBean','Wine - Cotes Du Rhone Parallele',19708,'Denver',0,5,NULL,NULL,NULL),(604,'Bavin','Wine - Spumante Bambino White',49481,'Sonny',0,4,NULL,NULL,NULL),(605,'Zini','Iced Tea - Lemon, 460 Ml',34393,'Chiquia',0,3,NULL,NULL,NULL),(606,'Rubica','Juice Peach Nectar',69826,'Ty',1,8,NULL,NULL,NULL),(607,'Springthorp','Wine - Red, Colio Cabernet',28417,'Jessie',1,8,NULL,NULL,NULL),(608,'Howe','Sauce - Sesame Thai Dressing',12708,'Tatiania',1,7,NULL,NULL,NULL),(609,'McGrady','Ecolab - Hand Soap Form Antibac',24481,'Adore',1,8,NULL,NULL,NULL),(610,'Munn','Lobster - Live',36051,'Carolina',0,4,NULL,NULL,NULL),(611,'Sinnott','Wine - Maipo Valle Cabernet',54957,'Matt',1,6,NULL,NULL,NULL),(612,'Arboine','Watercress',20754,'Sayre',0,3,NULL,NULL,NULL),(613,'Scoggins','Wine - Rosso Toscano Igt',66361,'Hamid',1,3,NULL,NULL,NULL),(614,'Slevin','Soup - Campbells, Lentil',83118,'Daffie',1,3,NULL,NULL,NULL),(615,'Thewys','Cherries - Bing, Canned',46251,'Ramsey',1,2,NULL,NULL,NULL),(616,'Robshaw','Walkers Special Old Whiskey',90043,'May',0,7,NULL,NULL,NULL),(617,'Fust','Wild Boar - Tenderloin',42670,'Sully',1,6,NULL,NULL,NULL),(618,'Culham','Yeast Dry - Fleischman',79761,'Constantia',0,4,NULL,NULL,NULL),(619,'Cutbirth','Muffin Carrot - Individual',79843,'Luciano',1,8,NULL,NULL,NULL),(620,'Eddis','Brocolinni - Gaylan, Chinese',89084,'Paola',0,9,NULL,NULL,NULL),(621,'Showers','Ecolab - Balanced Fusion',88715,'Leupold',1,4,NULL,NULL,NULL),(622,'Perkis','Orange - Tangerine',96921,'Mariam',0,1,NULL,NULL,NULL),(623,'Kwietak','Compound - Mocha',79147,'Elaine',1,3,NULL,NULL,NULL),(624,'Stinchcombe','Cheese - Manchego, Spanish',79612,'Hilary',1,1,NULL,NULL,NULL),(625,'Miliffe','Sauce - Soya, Dark',39931,'Paloma',0,5,NULL,NULL,NULL),(626,'Walak','Liqueur Banana, Ramazzotti',94571,'Jessalyn',0,9,NULL,NULL,NULL),(627,'Nappin','Beef - Bones, Marrow',86010,'Gisele',0,2,NULL,NULL,NULL),(628,'Kilshaw','Fireball Whisky',25771,'Casie',0,9,NULL,NULL,NULL),(629,'Gogerty','Tomato - Tricolor Cherry',20862,'Cyril',1,9,NULL,NULL,NULL),(630,'Burris','Ice Cream - Life Savers',98700,'Emalia',0,3,NULL,NULL,NULL),(631,'Milington','Arctic Char - Fillets',55636,'Pamela',1,1,NULL,NULL,NULL),(632,'Brackenbury','Table Cloth 62x114 White',69103,'Bartholomew',0,8,NULL,NULL,NULL),(633,'Shawley','Butcher Twine 4r',15872,'Kalli',1,1,NULL,NULL,NULL),(634,'Duiged','Tea - Decaf Lipton',87863,'Genna',1,4,NULL,NULL,NULL),(635,'Juckes','Cake - Miini Cheesecake Cherry',43581,'Melania',1,5,NULL,NULL,NULL),(636,'Broune','Juice - Clamato, 341 Ml',99639,'Xever',1,9,NULL,NULL,NULL),(637,'Crim','Tray - 12in Rnd Blk',67246,'Blair',0,4,NULL,NULL,NULL),(638,'A\'field','Foam Dinner Plate',27520,'Ximenez',0,7,NULL,NULL,NULL),(639,'Colvin','Puree - Strawberry',16792,'Yalonda',1,1,NULL,NULL,NULL),(640,'O\'Hoey','Syrup - Golden, Lyles',81498,'Roberto',0,7,NULL,NULL,NULL),(641,'Sandeland','Carbonated Water - Blackcherry',70027,'Ellyn',0,10,NULL,NULL,NULL),(642,'Joselevitch','Pike - Frozen Fillet',18358,'Guinna',1,1,NULL,NULL,NULL),(643,'Barnet','Coriander - Seed',71595,'Vernice',1,6,NULL,NULL,NULL),(644,'Bruno','Soap - Hand Soap',72706,'Donna',1,5,NULL,NULL,NULL),(645,'Proom','Capon - Whole',38186,'Erinna',0,8,NULL,NULL,NULL),(646,'Baggett','Cheese - Goat With Herbs',26577,'Carmen',1,3,NULL,NULL,NULL),(647,'Raffles','Wine - White, Ej',81834,'Ilyssa',0,2,NULL,NULL,NULL),(648,'Athey','Bread - Granary Small Pull',85953,'Kanya',1,5,NULL,NULL,NULL),(649,'Tebboth','Nestea - Iced Tea',51101,'Christian',0,10,NULL,NULL,NULL),(650,'Edworthy','Garbag Bags - Black',99821,'Marylou',0,2,NULL,NULL,NULL),(651,'Nicholl','Taro Leaves',22351,'Moreen',0,1,NULL,NULL,NULL),(652,'Mitchener','Wine - Riesling Alsace Ac 2001',31214,'Von',1,4,NULL,NULL,NULL),(653,'Jarratt','Wine - Vovray Sec Domaine Huet',49374,'Gillie',0,1,NULL,NULL,NULL),(654,'Molian','Bols Melon Liqueur',16281,'Elmore',0,9,NULL,NULL,NULL),(655,'Morden','Napkin White',91526,'Timotheus',1,6,NULL,NULL,NULL),(656,'Leggon','Energy Drink Red Bull',23294,'Gavrielle',1,5,NULL,NULL,NULL),(657,'Cossar','Rice - Aborio',53898,'Alain',0,5,NULL,NULL,NULL),(658,'Sherbourne','Crab - Soft Shell',34846,'Elfie',0,4,NULL,NULL,NULL),(659,'Wharf','Cheese - Asiago',63629,'Glennie',0,1,NULL,NULL,NULL),(660,'Handrik','Banana - Green',19849,'Oberon',0,2,NULL,NULL,NULL),(661,'Staggs','Mushroom - Shitake, Fresh',69673,'Edeline',0,3,NULL,NULL,NULL),(662,'Maren','Beer - Sleemans Honey Brown',43575,'Allard',0,3,NULL,NULL,NULL),(663,'Golde','Daves Island Stinger',82570,'Carlene',1,5,NULL,NULL,NULL),(664,'Leverentz','Nut - Almond, Blanched, Whole',46613,'Steve',1,4,NULL,NULL,NULL),(665,'Rontree','Curry Powder',94330,'Frederick',1,2,NULL,NULL,NULL),(666,'Furze','Snapple - Mango Maddness',48289,'Rosemaria',1,2,NULL,NULL,NULL),(667,'Holberry','Puree - Kiwi',18328,'Sid',0,2,NULL,NULL,NULL),(668,'Pancast','Kellogs Special K Cereal',59948,'Huntington',1,5,NULL,NULL,NULL),(669,'Bullick','Tomatoes - Vine Ripe, Red',68454,'Fay',0,3,NULL,NULL,NULL),(670,'Headon','Cheese - Cheddar, Medium',98925,'Tailor',0,10,NULL,NULL,NULL),(671,'Bollam','Beef - Tenderloin - Aa',37060,'Manda',0,10,NULL,NULL,NULL),(672,'Schmidt','Sterno - Chafing Dish Fuel',12685,'Page',1,9,NULL,NULL,NULL),(673,'Livoir','Wine - Malbec Trapiche Reserve',63747,'Lydon',0,1,NULL,NULL,NULL),(674,'Mollatt','Cheese - Brie, Triple Creme',79819,'Diana',0,8,NULL,NULL,NULL),(675,'Mayell','Cakes Assorted',46264,'Happy',0,4,NULL,NULL,NULL),(676,'Colville','Soup - Knorr, Veg / Beef',69563,'Portie',1,5,NULL,NULL,NULL),(677,'Kenryd','Grapefruit - Pink',74189,'Stoddard',1,5,NULL,NULL,NULL),(678,'Buchett','Wine - Marlbourough Sauv Blanc',47191,'Randolph',1,4,NULL,NULL,NULL),(679,'Digwood','Sugar - White Packet',42085,'Orran',0,5,NULL,NULL,NULL),(680,'Benbough','Croissant, Raw - Mini',10283,'Ashton',0,4,NULL,NULL,NULL),(681,'Attree','Yoghurt Tubes',89699,'Dahlia',1,2,NULL,NULL,NULL),(682,'Drinnan','Scrubbie - Scotchbrite Hand Pad',10474,'Merle',1,4,NULL,NULL,NULL),(683,'Redmore','Beer - Fruli',84087,'Dominick',1,10,NULL,NULL,NULL),(684,'Lehrahan','Cake - Mini Cheesecake',86505,'Nissy',1,2,NULL,NULL,NULL),(685,'Simonou','Pork - Ground',48770,'Carolyne',0,10,NULL,NULL,NULL),(686,'Ewers','Pernod',53709,'Massimiliano',0,4,NULL,NULL,NULL),(687,'Vlasenkov','Lid - 3oz Med Rec',40617,'Dorotea',0,8,NULL,NULL,NULL),(688,'Colson','Trout - Rainbow, Fresh',63978,'Dione',0,7,NULL,NULL,NULL),(689,'Bumfrey','Potatoes - Pei 10 Oz',82931,'Cosimo',0,6,NULL,NULL,NULL),(690,'Mees','Vermacelli - Sprinkles, Assorted',29726,'Yuma',1,5,NULL,NULL,NULL),(691,'Claessens','Noodles - Steamed Chow Mein',95480,'Della',1,4,NULL,NULL,NULL),(692,'Goodram','Potatoes - Pei 10 Oz',67512,'Ediva',0,9,NULL,NULL,NULL),(693,'Oleksinski','Transfer Sheets',70847,'Jeffrey',1,5,NULL,NULL,NULL),(694,'Glanfield','Yeast Dry - Fermipan',30507,'Reece',0,6,NULL,NULL,NULL),(695,'Worvill','Sauce - Thousand Island',26935,'Letty',0,5,NULL,NULL,NULL),(696,'Sawers','Nut - Hazelnut, Ground, Natural',74270,'Nady',1,3,NULL,NULL,NULL),(697,'Placide','Alize Gold Passion',58640,'Mozes',1,3,NULL,NULL,NULL),(698,'Bruniges','Straw - Regular',71251,'Leanna',0,7,NULL,NULL,NULL),(699,'Morcombe','Pails With Lids',78369,'Christiana',0,1,NULL,NULL,NULL),(700,'Ringer','Sauce - Black Current, Dry Mix',41244,'Filippo',1,2,NULL,NULL,NULL),(701,'Icke','Lamb Rack Frenched Australian',27679,'Lynnell',0,4,NULL,NULL,NULL),(702,'Conibeer','Alize Gold Passion',93202,'Sheela',1,4,NULL,NULL,NULL),(703,'Glennard','Trout - Hot Smkd, Dbl Fillet',33207,'Maude',0,8,NULL,NULL,NULL),(704,'Falconer-Taylor','Meldea Green Tea Liquor',12258,'Markus',1,8,NULL,NULL,NULL),(705,'McConnulty','Puree - Kiwi',54376,'Cristin',0,5,NULL,NULL,NULL),(706,'Verrico','Carrots - Mini Red Organic',15463,'Carmon',0,4,NULL,NULL,NULL),(707,'Crosio','Beer - Pilsner Urquell',77141,'Moyna',1,8,NULL,NULL,NULL),(708,'Beaumont','Apricots - Halves',23795,'Craggie',0,4,NULL,NULL,NULL),(709,'Greathead','Wine - Manischewitz Concord',85361,'Quincy',1,6,NULL,NULL,NULL),(710,'Greenig','Carroway Seed',46819,'Silvana',1,9,NULL,NULL,NULL),(711,'Gummer','Chicken - Leg, Boneless',89571,'Tawnya',1,2,NULL,NULL,NULL),(712,'Wardingly','Cheese - Manchego, Spanish',19826,'Lidia',0,4,NULL,NULL,NULL),(713,'Mcwhinney','Quail - Whole, Boneless',39827,'Winny',1,7,NULL,NULL,NULL),(714,'Ruddy','Grand Marnier',19078,'Marilee',1,8,NULL,NULL,NULL),(715,'Dorracott','Halibut - Steaks',85160,'Tabor',0,10,NULL,NULL,NULL),(716,'Mault','Mayonnaise',12394,'Galen',1,8,NULL,NULL,NULL),(717,'Ruggiero','Beets - Pickled',85355,'Devonne',1,3,NULL,NULL,NULL),(718,'Andreolli','Potatoes - Yukon Gold, 80 Ct',51143,'Meredeth',0,8,NULL,NULL,NULL),(719,'Vassar','Curry Paste - Madras',96082,'Druci',1,2,NULL,NULL,NULL),(720,'Hadcock','Corn - Cream, Canned',82999,'Burr',1,1,NULL,NULL,NULL),(721,'Ragg','Rice Pilaf, Dry,package',34156,'Alvira',1,10,NULL,NULL,NULL),(722,'Shakspeare','Tea - Camomele',12637,'Idalia',0,6,NULL,NULL,NULL),(723,'Carthew','Jicama',28900,'Yvon',0,1,NULL,NULL,NULL),(724,'Giampietro','Sauce - Salsa',57196,'Jakob',0,8,NULL,NULL,NULL),(725,'Haugeh','Fiddlehead - Frozen',37129,'Gay',1,5,NULL,NULL,NULL),(726,'Chaikovski','Sambuca - Ramazzotti',52186,'Alexander',1,10,NULL,NULL,NULL),(727,'Hyde-Chambers','Tomato - Tricolor Cherry',70829,'Bryan',1,10,NULL,NULL,NULL),(728,'Morant','Apple - Fuji',57379,'Hinze',0,3,NULL,NULL,NULL),(729,'McGurgan','Carbonated Water - Lemon Lime',88967,'Brad',1,9,NULL,NULL,NULL),(730,'Salzburg','Beef - Tenderlion, Center Cut',13686,'Chrisy',0,8,NULL,NULL,NULL),(731,'Donegan','Cherries - Fresh',23465,'Amitie',0,5,NULL,NULL,NULL),(732,'Borsi','Wine - Red, Wolf Blass, Yellow',77733,'Leona',0,5,NULL,NULL,NULL),(733,'Shervil','Trout Rainbow Whole',35153,'Denyse',0,4,NULL,NULL,NULL),(734,'Learmount','Kaffir Lime Leaves',42856,'Norrie',0,10,NULL,NULL,NULL),(735,'Khoter','Coffee - Frthy Coffee Crisp',24190,'Marjy',0,6,NULL,NULL,NULL),(736,'Fyfield','Corn Kernels - Frozen',99308,'Beck',1,5,NULL,NULL,NULL),(737,'Vankeev','Energy Drink',40846,'Ike',1,5,NULL,NULL,NULL),(738,'Colly','Chicken - Livers',95836,'Denise',1,2,NULL,NULL,NULL),(739,'Zimmerman','Cheese - Cheddar, Mild',79348,'Yardley',1,7,NULL,NULL,NULL),(740,'Stapells','Numi - Assorted Teas',16774,'Anton',1,6,NULL,NULL,NULL),(741,'Collymore','Mince Meat - Filling',93242,'Charlean',1,4,NULL,NULL,NULL),(742,'Oxburgh','Flour - Pastry',21324,'Rayna',0,10,NULL,NULL,NULL),(743,'Parades','Sage Ground Wiberg',34818,'Tanney',0,10,NULL,NULL,NULL),(744,'Woolfoot','Puree - Raspberry',47328,'Glori',1,10,NULL,NULL,NULL),(745,'Kless','Chicken - Tenderloin',60739,'Hermann',1,9,NULL,NULL,NULL),(746,'Harfleet','Pasta - Ravioli',49233,'Ellerey',0,10,NULL,NULL,NULL),(747,'Westmancoat','Capon - Breast, Double, Wing On',62188,'Ceil',0,7,NULL,NULL,NULL),(748,'Scaddon','Table Cloth 53x69 White',79884,'Marshall',1,9,NULL,NULL,NULL),(749,'Mallett','Island Oasis - Raspberry',51681,'Ax',1,7,NULL,NULL,NULL),(750,'Rendle','Sugar - Icing',82170,'Selie',1,8,NULL,NULL,NULL),(751,'Stopps','Limes',64037,'Orlan',1,7,NULL,NULL,NULL),(752,'Rendle','Dry Ice',75220,'Lockwood',1,3,NULL,NULL,NULL),(753,'Iggulden','Pasta - Gnocchi, Potato',72707,'Pier',0,4,NULL,NULL,NULL),(754,'Rigeby','Cactus Pads',65286,'Margarette',0,9,NULL,NULL,NULL),(755,'Gilluley','Bread - Roll, Whole Wheat',78134,'Edward',1,10,NULL,NULL,NULL),(756,'McGillicuddy','Bread - Bagels, Plain',76169,'Merill',0,1,NULL,NULL,NULL),(757,'Nelhams','Soup - Cream Of Potato / Leek',14069,'Blinnie',0,2,NULL,NULL,NULL),(758,'Bathurst','Plastic Wrap',60765,'Nanni',0,7,NULL,NULL,NULL),(759,'Ruscoe','Aspic - Light',46749,'Pearce',0,10,NULL,NULL,NULL),(760,'Boggon','Mushrooms - Honey',77979,'Trula',1,6,NULL,NULL,NULL),(761,'Facher','V8 - Tropical Blend',88937,'Shina',1,5,NULL,NULL,NULL),(762,'Joyes','Lime Cordial - Roses',66422,'Lula',0,10,NULL,NULL,NULL),(763,'Lukovic','Steampan - Lid For Half Size',41979,'Demetria',0,8,NULL,NULL,NULL),(764,'Jiri','Cookies - Fortune',88593,'Pieter',1,9,NULL,NULL,NULL),(765,'Rue','Chocolate - Pistoles, Lactee, Milk',64240,'Charla',0,7,NULL,NULL,NULL),(766,'Jeremaes','Nut - Chestnuts, Whole',77089,'Page',0,1,NULL,NULL,NULL),(767,'Jevons','Beans - Black Bean, Dry',46135,'Haily',1,7,NULL,NULL,NULL),(768,'McKniely','Pepsi - Diet, 355 Ml',54672,'Adelle',0,10,NULL,NULL,NULL),(769,'Sellars','Soup - Chicken And Wild Rice',78986,'Mayne',1,6,NULL,NULL,NULL),(770,'Carnock','Yoplait - Strawbrasp Peac',32095,'Sherwood',1,8,NULL,NULL,NULL),(771,'McGonnell','Fish - Soup Base, Bouillon',56631,'Chiarra',1,9,NULL,NULL,NULL),(772,'Kuzemka','Cabbage - Savoy',49690,'Ingar',0,8,NULL,NULL,NULL),(773,'Darwin','Muskox - French Rack',11288,'Zia',0,10,NULL,NULL,NULL),(774,'Vincent','Pasta - Linguini, Dry',12150,'Wes',0,1,NULL,NULL,NULL),(775,'Libreros','Clams - Bay',13073,'Duffie',1,1,NULL,NULL,NULL),(776,'Drewell','Vinegar - Sherry',86319,'Dolf',1,3,NULL,NULL,NULL),(777,'Cuvley','Cumin - Ground',30914,'Bil',0,6,NULL,NULL,NULL),(778,'McGrowther','Star Fruit',39066,'Nancie',0,9,NULL,NULL,NULL),(779,'Kennerley','Longos - Lasagna Veg',87807,'Caitlin',1,10,NULL,NULL,NULL),(780,'Fairbairn','Compound - Rum',55204,'Stephine',1,2,NULL,NULL,NULL),(781,'Hodge','Veal - Inside',64628,'Koralle',1,4,NULL,NULL,NULL),(782,'Coverley','Vegetable - Base',31868,'Shawnee',0,7,NULL,NULL,NULL),(783,'Salman','Cod - Salted, Boneless',19335,'Benetta',0,2,NULL,NULL,NULL),(784,'Simchenko','Oil - Canola',11818,'Bret',0,9,NULL,NULL,NULL),(785,'Erett','Nut - Hazelnut, Ground, Natural',30597,'Maitilde',1,1,NULL,NULL,NULL),(786,'Hulson','Milk - 1%',43964,'Vivyanne',1,8,NULL,NULL,NULL),(787,'Maun','Napkin - Beverge, White 2 - Ply',13322,'Giacopo',0,9,NULL,NULL,NULL),(788,'Cokly','Tomato - Plum With Basil',89580,'Odilia',1,10,NULL,NULL,NULL),(789,'Checcuzzi','Oil - Avocado',92041,'Holt',0,6,NULL,NULL,NULL),(790,'Comberbeach','Emulsifier',36744,'Darnall',1,5,NULL,NULL,NULL),(791,'Juza','Blueberries',71829,'Antonin',0,10,NULL,NULL,NULL),(792,'Menure','Wine - Pinot Noir Stoneleigh',17211,'Melonie',1,3,NULL,NULL,NULL),(793,'Inglefield','Chicken - Base',13498,'Aubry',1,3,NULL,NULL,NULL),(794,'Greep','Guinea Fowl',29916,'Kessia',0,5,NULL,NULL,NULL),(795,'Silman','V8 Splash Strawberry Banana',10945,'Benetta',1,3,NULL,NULL,NULL),(796,'Kesby','Scallop - St. Jaques',98886,'Norean',1,9,NULL,NULL,NULL),(797,'Ditchfield','Tarragon - Primerba, Paste',59356,'Adriana',1,6,NULL,NULL,NULL),(798,'Filewood','Muffin - Mix - Strawberry Rhubarb',72472,'Lanni',1,4,NULL,NULL,NULL),(799,'Henrot','Chocolate - Milk, Callets',14672,'Gerard',0,8,NULL,NULL,NULL),(800,'Ianinotti','Turkey - Breast, Double',64185,'Giffy',0,10,NULL,NULL,NULL),(801,'Saundercock','Appetizer - Chicken Satay',86721,'Laureen',1,4,NULL,NULL,NULL),(802,'Sybry','Juice Peach Nectar',86102,'Blair',0,5,NULL,NULL,NULL),(803,'Goldsberry','Fish - Bones',79119,'Vincent',1,7,NULL,NULL,NULL),(804,'Wittleton','Tarragon - Fresh',98130,'Nehemiah',0,2,NULL,NULL,NULL),(805,'Carlet','Wine - Delicato Merlot',62358,'Gayelord',1,2,NULL,NULL,NULL),(806,'Pickthorne','Tray - Foam, Square 4 - S',63799,'Douglass',1,1,NULL,NULL,NULL),(807,'Picken','Lamb - Loin, Trimmed, Boneless',27748,'Washington',0,8,NULL,NULL,NULL),(808,'Decent','Squid - U - 10 Thailand',10238,'Micky',0,7,NULL,NULL,NULL),(809,'Schleswig-Holstein','Wine - Red, Concha Y Toro',20621,'Evangeline',1,10,NULL,NULL,NULL),(810,'Iacobini','V8 Pet',72402,'Randolf',0,1,NULL,NULL,NULL),(811,'Kubas','Coffee - Beans, Whole',20288,'Denny',0,3,NULL,NULL,NULL),(812,'Corselles','Cookies - Englishbay Chochip',46072,'Ginevra',0,7,NULL,NULL,NULL),(813,'Dunsire','Mushroom - Chantrelle, Fresh',99723,'Markos',1,4,NULL,NULL,NULL),(814,'Wraggs','Wine - Two Oceans Cabernet',38214,'Beret',1,3,NULL,NULL,NULL),(815,'Elijahu','Wine - Chardonnay Mondavi',92004,'Giffy',0,2,NULL,NULL,NULL),(816,'Guerrero','Langers - Ruby Red Grapfruit',19605,'Alfy',0,7,NULL,NULL,NULL),(817,'Biesinger','Pears - Bartlett',82788,'Eleni',1,3,NULL,NULL,NULL),(818,'Lyven','Water - Mineral, Natural',64478,'Imelda',0,2,NULL,NULL,NULL),(819,'Piddick','Yogurt - Banana, 175 Gr',12382,'Frieda',1,6,NULL,NULL,NULL),(820,'Varndell','Island Oasis - Banana Daiquiri',29891,'Hetti',1,5,NULL,NULL,NULL),(821,'Corns','Rabbit - Saddles',52223,'Janeczka',1,10,NULL,NULL,NULL),(822,'Biddulph','Parsnip',80620,'Rhianon',0,3,NULL,NULL,NULL),(823,'Ricker','Squid - U 5',62892,'Ardelia',0,2,NULL,NULL,NULL),(824,'Aleksic','Liquid Aminios Acid - Braggs',64081,'Joletta',0,4,NULL,NULL,NULL),(825,'Salkeld','Bread - Crumbs, Bulk',43771,'Gilberte',1,2,NULL,NULL,NULL),(826,'Andras','Cheese - Comtomme',41969,'Rowney',0,2,NULL,NULL,NULL),(827,'Kenealy','Soup - Campbells Chili Veg',27529,'Beverly',1,9,NULL,NULL,NULL),(828,'Maddicks','Flavouring Vanilla Artificial',66383,'Brigitta',0,4,NULL,NULL,NULL),(829,'Royson','Pimento - Canned',91480,'Del',0,3,NULL,NULL,NULL),(830,'Fifield','Cheese - Wine',97670,'Pennie',1,3,NULL,NULL,NULL),(831,'Coucha','Lamb Tenderloin Nz Fr',56366,'Cloe',1,1,NULL,NULL,NULL),(832,'Pauncefort','Apple - Custard',67708,'Perren',1,4,NULL,NULL,NULL),(833,'Leffek','Muffin Mix - Morning Glory',15086,'Julissa',0,6,NULL,NULL,NULL),(834,'Truman','Bagelers - Cinn / Brown',71998,'Stanfield',0,1,NULL,NULL,NULL),(835,'Sirett','Pork - Bacon, Double Smoked',25312,'Foster',1,8,NULL,NULL,NULL),(836,'MacAdie','Garlic - Elephant',74805,'Durant',1,5,NULL,NULL,NULL),(837,'Grocock','Radish - Pickled',98081,'Raymund',1,1,NULL,NULL,NULL),(838,'Dunaway','Cheese - Roquefort Pappillon',22847,'Sunshine',0,6,NULL,NULL,NULL),(839,'Coulbeck','Muffin Batt - Blueberry Passion',88368,'Jo ann',0,8,NULL,NULL,NULL),(840,'D\'Alessio','Bread - Malt',26276,'Reg',0,4,NULL,NULL,NULL),(841,'Tie','Juice - Orange 1.89l',11734,'Ashien',0,8,NULL,NULL,NULL),(842,'Fugere','Monkfish - Fresh',80709,'Cullen',0,7,NULL,NULL,NULL),(843,'Kenninghan','Sauce - Cranberry',31896,'Darcee',0,1,NULL,NULL,NULL),(844,'Jezzard','Cod - Salted, Boneless',76034,'Marve',1,2,NULL,NULL,NULL),(845,'Birkmyr','Wine - Red, Black Opal Shiraz',17487,'Queenie',0,9,NULL,NULL,NULL),(846,'Brind','Tendrils - Baby Pea, Organic',88244,'Hillard',0,8,NULL,NULL,NULL),(847,'Dagger','Cinnamon Rolls',43722,'Diahann',1,3,NULL,NULL,NULL),(848,'Fricker','Cut Wakame - Hanawakaba',36939,'Emlynn',1,7,NULL,NULL,NULL),(849,'Daingerfield','Pasta - Fett Alfredo, Single Serve',22495,'Catarina',1,4,NULL,NULL,NULL),(850,'Showl','Tray - 16in Rnd Blk',77957,'Orsa',1,9,NULL,NULL,NULL),(851,'Carous','Pepper - Gypsy Pepper',55291,'Rebe',0,4,NULL,NULL,NULL),(852,'Hattam','Bar Mix - Pina Colada, 355 Ml',33471,'Homerus',1,6,NULL,NULL,NULL),(853,'Houson','Basil - Dry, Rubbed',16398,'Pearline',1,1,NULL,NULL,NULL),(854,'Steer','Creme De Menth - White',32223,'Tara',1,10,NULL,NULL,NULL),(855,'Duly','Sauce - Ranch Dressing',57897,'Zebadiah',0,10,NULL,NULL,NULL),(856,'Adkin','Bananas',54031,'Clarice',1,1,NULL,NULL,NULL),(857,'Palfreman','Mussels - Frozen',27767,'Sig',1,6,NULL,NULL,NULL),(858,'Renzo','Veal - Brisket, Provimi, Bone - In',11829,'Nicolle',0,2,NULL,NULL,NULL),(859,'Odd','Isomalt',19475,'Maxi',1,2,NULL,NULL,NULL),(860,'Tyrer','Fish - Atlantic Salmon, Cold',75811,'Lurette',0,9,NULL,NULL,NULL),(861,'Schach','Island Oasis - Ice Cream Mix',51772,'Jackson',1,4,NULL,NULL,NULL),(862,'Dorricott','Bandage - Fexible 1x3',49979,'Armstrong',1,6,NULL,NULL,NULL),(863,'Mathey','Lobster - Tail, 3 - 4 Oz',83544,'Rici',1,2,NULL,NULL,NULL),(864,'Pilch','Doilies - 12, Paper',39555,'Loraine',1,10,NULL,NULL,NULL),(865,'Pollack','Towel - Roll White',51078,'Josie',1,8,NULL,NULL,NULL),(866,'Abrahams','Coke - Classic, 355 Ml',60036,'Shanna',0,8,NULL,NULL,NULL),(867,'Golston','Baking Powder',82267,'Joyan',1,7,NULL,NULL,NULL),(868,'Jansema','Flour - Corn, Fine',91292,'Kaile',0,1,NULL,NULL,NULL),(869,'Ruperto','Carbonated Water - White Grape',56127,'Brook',0,4,NULL,NULL,NULL),(870,'Pine','Pepper - Green, Chili',91434,'Cara',0,10,NULL,NULL,NULL),(871,'Tottie','Cheese Cloth',30664,'Del',0,6,NULL,NULL,NULL),(872,'Dominico','Tomatoes - Vine Ripe, Red',36232,'Suzi',0,6,NULL,NULL,NULL),(873,'Olerenshaw','Chinese Lemon Pork',63077,'Robbie',1,4,NULL,NULL,NULL),(874,'Archer','Cheese Cheddar Processed',26698,'Marlowe',0,10,NULL,NULL,NULL),(875,'Klebes','Jolt Cola - Electric Blue',49974,'Eric',1,1,NULL,NULL,NULL),(876,'Medlicott','Sprouts - Baby Pea Tendrils',88454,'Thomasina',0,10,NULL,NULL,NULL),(877,'Lafuente','Pears - Fiorelle',85739,'Lanny',0,2,NULL,NULL,NULL),(878,'Klementz','Shrimp, Dried, Small / Lb',42470,'Patten',1,1,NULL,NULL,NULL),(879,'Tidbury','Beans - Black Bean, Dry',73636,'Si',1,6,NULL,NULL,NULL),(880,'Oxnam','Stock - Veal, White',40593,'Frasquito',0,8,NULL,NULL,NULL),(881,'Arthur','Pork - Back, Short Cut, Boneless',93658,'Annissa',0,1,NULL,NULL,NULL),(882,'Eathorne','Beer - Guiness',87465,'Merrile',1,5,NULL,NULL,NULL),(883,'Anand','Ham - Proscuitto',35447,'Kissee',1,10,NULL,NULL,NULL),(884,'Attride','Brandy - Bar',46443,'Melonie',0,3,NULL,NULL,NULL),(885,'Scintsbury','Lamb Tenderloin Nz Fr',87640,'Lyndsay',1,5,NULL,NULL,NULL),(886,'Hampshaw','Tart Shells - Savory, 4',46121,'Wallis',0,4,NULL,NULL,NULL),(887,'Sadgrove','Myers Planters Punch',63796,'Phylis',1,6,NULL,NULL,NULL),(888,'Gorman','Ice Cream - Turtles Stick Bar',24862,'Gardiner',1,1,NULL,NULL,NULL),(889,'Harmes','Longos - Grilled Chicken With',36030,'Lyell',1,7,NULL,NULL,NULL),(890,'Castagnasso','Quail Eggs - Canned',20215,'Maryanne',1,7,NULL,NULL,NULL),(891,'Pickworth','Rabbit - Saddles',78733,'Dorey',0,6,NULL,NULL,NULL),(892,'Grimwood','Bread Crumbs - Panko',93641,'Lay',1,6,NULL,NULL,NULL),(893,'Angeli','Cardamon Ground',41285,'Klarrisa',0,3,NULL,NULL,NULL),(894,'Stainbridge','Tea - English Breakfast',79537,'Drusilla',1,3,NULL,NULL,NULL),(895,'Risborough','Hersey Shakes',92908,'Rogerio',0,3,NULL,NULL,NULL),(896,'Sherville','Sambuca - Opal Nera',59989,'Cozmo',0,5,NULL,NULL,NULL),(897,'Lutsch','Nut - Almond, Blanched, Ground',16381,'Louis',0,3,NULL,NULL,NULL),(898,'Ramsbotham','Cakes Assorted',23481,'Eleonora',1,7,NULL,NULL,NULL),(899,'Kohnen','Sprouts - Bean',98927,'Howey',0,1,NULL,NULL,NULL),(900,'Ethelston','Cake - Mini Cheesecake',89299,'Jonathan',1,10,NULL,NULL,NULL),(901,'Olivey','Schnappes Peppermint - Walker',32894,'Glynnis',0,9,NULL,NULL,NULL),(902,'Blaase','Mushroom - Morels, Dry',43283,'Ronny',0,7,NULL,NULL,NULL),(903,'Weathey','Red Snapper - Fresh, Whole',77564,'Alejandra',1,9,NULL,NULL,NULL),(904,'Eley','Apple - Macintosh',35121,'Cam',1,8,NULL,NULL,NULL),(905,'Mardoll','Corn - Mini',98004,'Tate',1,9,NULL,NULL,NULL),(906,'Zettler','Tea - Herbal I Love Lemon',18745,'Farra',1,5,NULL,NULL,NULL),(907,'Rosencrantz','Soup - Cream Of Potato / Leek',83090,'Irene',0,4,NULL,NULL,NULL),(908,'Rollings','Chocolate - Compound Coating',23552,'Anatollo',0,7,NULL,NULL,NULL),(909,'Bootherstone','Cheese - Romano, Grated',63829,'Jarrad',0,5,NULL,NULL,NULL),(910,'Plues','Sugar - Individual Portions',71487,'Dyane',1,8,NULL,NULL,NULL),(911,'Juan','Cookie Trail Mix',44038,'Quill',0,3,NULL,NULL,NULL),(912,'Gervaise','Ham - Cooked Italian',59182,'Piper',1,5,NULL,NULL,NULL),(913,'Tanzig','Dip - Tapenade',29198,'Lenna',1,10,NULL,NULL,NULL),(914,'Bowmer','Tart Shells - Savory, 4',45278,'Banky',1,10,NULL,NULL,NULL),(915,'Conti','Wine - White, Ej',98248,'Demeter',1,8,NULL,NULL,NULL),(916,'Cockson','Mussels - Frozen',38390,'Noach',1,2,NULL,NULL,NULL),(917,'Colleton','Wine - Cotes Du Rhone',17174,'Shelby',0,7,NULL,NULL,NULL),(918,'Muller','Macaroons - Homestyle Two Bit',53370,'Freda',0,4,NULL,NULL,NULL),(919,'Bootherstone','Muskox - French Rack',22168,'Crysta',0,8,NULL,NULL,NULL),(920,'McEnhill','Island Oasis - Peach Daiquiri',46690,'Farrel',0,3,NULL,NULL,NULL),(921,'Giorgielli','Wine - Vidal Icewine Magnotta',13608,'Marilin',1,2,NULL,NULL,NULL),(922,'Spatoni','Plastic Arrow Stir Stick',31361,'Jorey',0,2,NULL,NULL,NULL),(923,'Tunnoch','Dr. Pepper - 355ml',75239,'Robbin',0,6,NULL,NULL,NULL),(924,'Kilrow','Calypso - Lemonade',53415,'Salomone',0,9,NULL,NULL,NULL),(925,'Boord','Smirnoff Green Apple Twist',68740,'Davine',0,8,NULL,NULL,NULL),(926,'Streatfield','Sardines',63026,'Isador',0,8,NULL,NULL,NULL),(927,'Boatman','Pear - Packum',19853,'Margalit',1,4,NULL,NULL,NULL),(928,'Van der Linde','Wine - Malbec Trapiche Reserve',76196,'Inglebert',0,4,NULL,NULL,NULL),(929,'Nelle','Beef - Tender Tips',40852,'Amy',0,3,NULL,NULL,NULL),(930,'Bert','Fish - Halibut, Cold Smoked',45979,'Myrna',1,4,NULL,NULL,NULL),(931,'Ledson','Uniform Linen Charge',62136,'Alida',0,6,NULL,NULL,NULL),(932,'Bunney','Toamtoes 6x7 Select',54654,'Cindie',0,7,NULL,NULL,NULL),(933,'Dunnico','Brownies - Two Bite, Chocolate',59816,'Eadie',1,2,NULL,NULL,NULL),(934,'Misson','Wine - Casillero Del Diablo',48977,'Gracia',0,6,NULL,NULL,NULL),(935,'Mundle','Shrimp - Prawn',23088,'Rebeka',1,5,NULL,NULL,NULL),(936,'Leader','Flower - Potmums',64547,'Kingston',0,6,NULL,NULL,NULL),(937,'Dallosso','Goulash Seasoning',43037,'Anderea',0,8,NULL,NULL,NULL),(938,'Cogan','Beer - Blue',20301,'Brice',0,5,NULL,NULL,NULL),(939,'Marson','Tomato - Plum With Basil',31924,'Loella',1,1,NULL,NULL,NULL),(940,'Thorsen','Veal - Chops, Split, Frenched',41855,'Orelee',0,1,NULL,NULL,NULL),(941,'Dugmore','Parasol Pick Stir Stick',80310,'Maxine',1,7,NULL,NULL,NULL),(942,'Braunter','Lettuce - Escarole',29588,'Joycelin',1,6,NULL,NULL,NULL),(943,'Scammonden','Cake - Lemon Chiffon',82348,'Ortensia',1,1,NULL,NULL,NULL),(944,'Moncrefe','Shiro Miso',23489,'Donall',1,4,NULL,NULL,NULL),(945,'Markus','Pate - Liver',30789,'Carina',1,6,NULL,NULL,NULL),(946,'Maybey','Sour Puss Raspberry',24299,'Cristal',1,8,NULL,NULL,NULL),(947,'Tredinnick','Cheese - Fontina',72594,'Louisa',1,8,NULL,NULL,NULL),(948,'Pagett','Grapefruit - White',34707,'Tabbie',1,4,NULL,NULL,NULL),(949,'Shoorbrooke','Mcgillicuddy Vanilla Schnap',54082,'Roby',0,2,NULL,NULL,NULL),(950,'Schuh','Vodka - Lemon, Absolut',35290,'Cecilla',0,7,NULL,NULL,NULL),(951,'Jelf','Cake Slab',80655,'Kennith',0,4,NULL,NULL,NULL),(952,'Bruckmann','Versatainer Nc - 8288',74231,'Orsa',0,1,NULL,NULL,NULL),(953,'Vinker','Wine - Pinot Noir Latour',62225,'Mufi',1,10,NULL,NULL,NULL),(954,'Simoncello','Banana - Leaves',16960,'Clerissa',0,6,NULL,NULL,NULL),(955,'Abry','Soupfoamcont12oz 112con',95499,'Marlie',0,6,NULL,NULL,NULL),(956,'Ingman','Mushroom - Morel Frozen',78521,'Alfonse',1,10,NULL,NULL,NULL),(957,'Andrioli','Lamb - Ground',16408,'Maritsa',1,8,NULL,NULL,NULL),(958,'Spinnace','Stock - Chicken, White',57691,'Crosby',1,9,NULL,NULL,NULL),(959,'Crysell','Potatoes - Purple, Organic',83667,'Ewen',0,5,NULL,NULL,NULL),(960,'Aggett','Corn Meal',19294,'Cristal',0,3,NULL,NULL,NULL),(961,'Gaskal','Salami - Genova',82863,'Had',0,10,NULL,NULL,NULL),(962,'Atherley','Egg - Salad Premix',82238,'Alidia',0,8,NULL,NULL,NULL),(963,'Sturror','Yogurt - Assorted Pack',56028,'Craggy',0,7,NULL,NULL,NULL),(964,'Standbrooke','Cheese - Swiss Sliced',65711,'Ransell',1,2,NULL,NULL,NULL),(965,'Cassius','Drambuie',22005,'Ilyse',1,5,NULL,NULL,NULL),(966,'Kleisel','Container - Clear 16 Oz',69570,'Blair',0,7,NULL,NULL,NULL),(967,'Hensmans','Parsley - Dried',98925,'Jen',0,4,NULL,NULL,NULL),(968,'Ream','Apples - Spartan',51046,'Randolph',1,3,NULL,NULL,NULL),(969,'Knightsbridge','Blackberries',86487,'Helsa',0,10,NULL,NULL,NULL),(970,'Tresise','Bread - French Baquette',50798,'Madison',0,7,NULL,NULL,NULL),(971,'Arnau','Pepper - Sorrano',26891,'Harley',0,8,NULL,NULL,NULL),(972,'Tallow','Ice Cream Bar - Oreo Cone',96722,'Ninnette',0,3,NULL,NULL,NULL),(973,'Spaven','Juice - Apple, 1.36l',88925,'Brynne',1,2,NULL,NULL,NULL),(974,'Slessar','Corn Meal',38132,'Lynnette',1,9,NULL,NULL,NULL),(975,'Puckinghorne','Appetizer - Smoked Salmon / Dill',77829,'Stephana',0,9,NULL,NULL,NULL),(976,'Jedrachowicz','Beets - Mini Golden',97302,'Callida',0,4,NULL,NULL,NULL),(977,'Easen','Icecream - Dstk Super Cone',58570,'Odette',1,8,NULL,NULL,NULL),(978,'Vasichev','Cup - Translucent 7 Oz Clear',80182,'Tarah',0,4,NULL,NULL,NULL),(979,'Vanyashin','Breakfast Quesadillas',60196,'Damiano',0,10,NULL,NULL,NULL),(980,'Brewin','Chips - Potato Jalapeno',60611,'Joyan',0,7,NULL,NULL,NULL),(981,'Bains','Soup - Campbells Beef Strogonoff',40505,'Salvidor',0,7,NULL,NULL,NULL),(982,'MacDermand','Muffin Mix - Chocolate Chip',50342,'Cybill',1,9,NULL,NULL,NULL),(983,'Cuchey','Wine - Chardonnay Mondavi',42791,'Danyelle',0,7,NULL,NULL,NULL),(984,'Muino','Creme De Menth - White',71449,'Luci',0,10,NULL,NULL,NULL),(985,'Pitt','Chinese Foods - Thick Noodles',29311,'Paddie',0,9,NULL,NULL,NULL),(986,'Hatfull','Sage - Rubbed',61758,'Bret',1,2,NULL,NULL,NULL),(987,'Skippings','Otomegusa Dashi Konbu',46281,'Daveen',1,7,NULL,NULL,NULL),(988,'Wilbore','Garam Marsala',41699,'Gerardo',1,10,NULL,NULL,NULL),(989,'Swett','Plate Foam Laminated 9in Blk',21418,'Konstantin',1,3,NULL,NULL,NULL),(990,'Bickerdike','Pernod',83460,'Gussi',0,6,NULL,NULL,NULL),(991,'Blacket','Lettuce - Escarole',49951,'Melessa',1,2,NULL,NULL,NULL),(992,'Tuminelli','Marjoram - Dried, Rubbed',24264,'Ileana',1,7,NULL,NULL,NULL),(993,'O\'Crowley','Flour - So Mix Cake White',94272,'Tiffy',0,7,NULL,NULL,NULL),(994,'Fulstow','Cucumber - Pickling Ontario',86714,'Lizzie',0,4,NULL,NULL,NULL),(995,'Cardew','Turkey - Breast, Double',35182,'Garold',1,10,NULL,NULL,NULL),(996,'Simukov','Crackers - Trio',96745,'Gradey',1,4,NULL,NULL,NULL),(997,'Aughton','Lettuce - Lambs Mash',96541,'Yehudit',1,2,NULL,NULL,NULL),(998,'Kearton','Myers Planters Punch',35823,'Finley',0,9,NULL,NULL,NULL),(999,'Pendre','Sole - Iqf',39839,'Amabel',0,6,NULL,NULL,NULL),(1000,'Vinegar - Champagne3478','Scallops - In Shell3478',1411,'20011014',0,1,NULL,NULL,NULL),(10011,'Iphone','Iphone 13 Pro Max',11010,'1000',1,10,'10.1000.20220628','2022-06-28 13:50:34','2022-06-28 15:13:36'),(10012,'Iphone','Iphone 13 Pro Max',10010,'1000',0,10,'10.1000.20220628','2022-06-28 13:50:34','2022-06-28 14:26:02'),(10013,'Iphone','Iphone 13 Pro Max',10010,'1000',1,10,'10.1000.20220628','2022-06-28 15:27:31','2022-06-28 15:27:31');
/*!40000 ALTER TABLE `product` ENABLE KEYS */;
UNLOCK TABLES;

--
-- Table structure for table `province`
--

DROP TABLE IF EXISTS `province`;
/*!40101 SET @saved_cs_client     = @@character_set_client */;
/*!50503 SET character_set_client = utf8mb4 */;
CREATE TABLE `province` (
  `id` int NOT NULL,
  `code` varchar(255) NOT NULL,
  `name` varchar(255) NOT NULL,
  PRIMARY KEY (`id`)
) ENGINE=InnoDB DEFAULT CHARSET=utf8mb4 COLLATE=utf8mb4_0900_ai_ci;
/*!40101 SET character_set_client = @saved_cs_client */;

--
-- Dumping data for table `province`
--

LOCK TABLES `province` WRITE;
/*!40000 ALTER TABLE `province` DISABLE KEYS */;
/*!40000 ALTER TABLE `province` ENABLE KEYS */;
UNLOCK TABLES;

--
-- Table structure for table `warehouse`
--

DROP TABLE IF EXISTS `warehouse`;
/*!40101 SET @saved_cs_client     = @@character_set_client */;
/*!50503 SET character_set_client = utf8mb4 */;
CREATE TABLE `warehouse` (
  `id` int NOT NULL AUTO_INCREMENT,
  `address` varchar(255) NOT NULL,
  `district_id` int NOT NULL,
  `name` varchar(255) NOT NULL,
  `province_id` int NOT NULL,
  `status` int NOT NULL,
  PRIMARY KEY (`id`)
) ENGINE=InnoDB AUTO_INCREMENT=4 DEFAULT CHARSET=utf8mb4 COLLATE=utf8mb4_0900_ai_ci;
/*!40101 SET character_set_client = @saved_cs_client */;

--
-- Dumping data for table `warehouse`
--

LOCK TABLES `warehouse` WRITE;
/*!40000 ALTER TABLE `warehouse` DISABLE KEYS */;
INSERT INTO `warehouse` VALUES (1,'125 Cau Giay',12,'Cau Giay',7,1),(2,'8 Pham Hung',11,'Pham Hung',6,1),(3,'189 Giai Phong',17,'Giai Phong',9,1);
/*!40000 ALTER TABLE `warehouse` ENABLE KEYS */;
UNLOCK TABLES;

--
-- Table structure for table `warehouse_product`
--

DROP TABLE IF EXISTS `warehouse_product`;
/*!40101 SET @saved_cs_client     = @@character_set_client */;
/*!50503 SET character_set_client = utf8mb4 */;
CREATE TABLE `warehouse_product` (
  `id` int NOT NULL AUTO_INCREMENT,
  `expired_date` date NOT NULL,
  `inventory` int NOT NULL,
  `product_id` int NOT NULL,
  `start_date` date NOT NULL,
  `total_export` int NOT NULL,
  `total_import` int NOT NULL,
  `warehouse_id` int NOT NULL,
  PRIMARY KEY (`id`)
) ENGINE=InnoDB DEFAULT CHARSET=utf8mb4 COLLATE=utf8mb4_0900_ai_ci;
/*!40101 SET character_set_client = @saved_cs_client */;

--
-- Dumping data for table `warehouse_product`
--

LOCK TABLES `warehouse_product` WRITE;
/*!40000 ALTER TABLE `warehouse_product` DISABLE KEYS */;
/*!40000 ALTER TABLE `warehouse_product` ENABLE KEYS */;
UNLOCK TABLES;
/*!40103 SET TIME_ZONE=@OLD_TIME_ZONE */;

/*!40101 SET SQL_MODE=@OLD_SQL_MODE */;
/*!40014 SET FOREIGN_KEY_CHECKS=@OLD_FOREIGN_KEY_CHECKS */;
/*!40014 SET UNIQUE_CHECKS=@OLD_UNIQUE_CHECKS */;
/*!40101 SET CHARACTER_SET_CLIENT=@OLD_CHARACTER_SET_CLIENT */;
/*!40101 SET CHARACTER_SET_RESULTS=@OLD_CHARACTER_SET_RESULTS */;
/*!40101 SET COLLATION_CONNECTION=@OLD_COLLATION_CONNECTION */;
/*!40111 SET SQL_NOTES=@OLD_SQL_NOTES */;

-- Dump completed on 2022-06-28 17:16:55
